﻿,,,,,,,,,,,,"Survey","Participant","Question 1","Question 2","Question 3","Question 4","Question 5","Question 6","{{Q://Q7/ChoiceTextEntryValue}}.1","{{Q://Q7/ChoiceTextEntryValue}}.2","{{Q://Q7/ChoiceTextEntryValue}}.3","{{Q://Q7/ChoiceTextEntryValue}}.4","{{Q://Q7/ChoiceTextEntryValue}}.5","{{Q://Q7/ChoiceTextEntryValue}}.6","{{Q://Q7/ChoiceTextEntryValue}}.7","{{Q://Q8/ChoiceTextEntryValue}}","Question 9","Question 10","Question 11","Question 12","Question 13","Question 14","Question 15","Question 16","Question 17","Question 18","Question 19","Question 20","Question 21"
,,,,,,,,,,,,,"Question Text","ברגע זה אני מרגיש חסר מנוחה","מאז הסקר האחרון, דעתי הוסחה בקלות","מאז הסקר האחרון, הרגשתי מודאג או מפוחד","ברגע זה, אני מרגיש פחד או לחץ","מאז הסקר האחרון, היה לי קשה להפסיק לעשות משהו אחרי שביקשו ממני להפסיק (לדוגמה כשמורים מבקשים ממני להפסיק לדבר בכיתה או כשאבא מבקש ממני להפסיק להיות מול המסך)","מאז הסקר האחרון, יצא שאמרתי את הדבר הראשון שעלה לי לראש מבלי לעצור ולחשוב",":מאז הסקר האחרון, התפרצתי בכעס באחת או יותר מהדרכים הבאות",":מאז הסקר האחרון, התפרצתי בכעס באחת או יותר מהדרכים הבאות",":מאז הסקר האחרון, התפרצתי בכעס באחת או יותר מהדרכים הבאות",":מאז הסקר האחרון, התפרצתי בכעס באחת או יותר מהדרכים הבאות",":מאז הסקר האחרון, התפרצתי בכעס באחת או יותר מהדרכים הבאות",":מאז הסקר האחרון, התפרצתי בכעס באחת או יותר מהדרכים הבאות",":מאז הסקר האחרון, התפרצתי בכעס באחת או יותר מהדרכים הבאות","תן דוגמה למשהו שעצבן אותך היום (אפשר גם להקליט תשובה)","ברגע זה, אני מרגיש מרוגז או כועס","מאז הסקר האחרון, הרגשתי מתוסכל","מאז הסקר האחרון, כעסתי או התעצבנתי כשדברים קרו לא כמו שרציתי","ברגע זה אני מרגיש טוב","מאז הסקר האחרון, הרגשתי עצוב או מדוכא","מאז הסקר האחרון, אבא שלי איים להעניש אותי אבל לא עשה זאת","מאז הסקר האחרון, אבא שלי העביר עליי ביקורת","מאז הסקר האחרון, עצבנתי את אבא שלי","מאז הסקר האחרון, שיתפתי את אבא שלי ברגשות/תחושות שלי (שאני שמח / עצוב / כועס / עצבני / שקרה לי משהו מרגש היום)","מאז הסקר האחרון, אבא שלי הסכים לכל מה שרציתי","מאז הסקר האחרון, אבא שלי היה סבלני כלפיי","מאז הסקר האחרון, אבא שלי התעצבן או צעק עליי","מאז הסקר האחרון, אבא שלי החמיא לי כשעשיתי משהו בצורה טובה"
,,,,,,,,,,,,,"Response Type","Scale","Scale","Scale","Scale","Scale","Scale","Multiple selection","Multiple selection","Multiple selection","Multiple selection","Multiple selection","Multiple selection","Multiple selection","Text","Scale","Scale","Scale","Scale","Scale","Scale","Scale","Scale","Scale","Scale","Scale","Scale","Scale"
"Start Date","End Date","Time Scheduled","Duration (in seconds)","Day of Survey","Occasion within Day","Finished","Participant ID","Location - Lat","Location - Long","No Login","Group Code","ip address","Choices","[ start_point_label = 'בכלל לא', middle_point_label = 'במידה בינונית', end_point_label = 'במידה רבה מאוד',  ]","[ start_point_label = 'בכלל לא', middle_point_label = 'במידה בינונית', end_point_label = 'במידה רבה מאוד',  ]","[ start_point_label = 'בכלל לא', middle_point_label = 'במידה בינונית', end_point_label = 'במידה רבה מאוד',  ]","[ start_point_label = 'בכלל לא', middle_point_label = 'במידה בינונית', end_point_label = 'במידה רבה מאוד',  ]","[ start_point_label = 'בכלל לא', middle_point_label = 'במידה בינונית', end_point_label = 'במידה רבה מאוד',  ]","[ start_point_label = 'בכלל לא', middle_point_label = 'במידה בינונית', end_point_label = 'במידה רבה מאוד',  ]","[ צעקתי ]","[ טרקתי דלת ]","[ זרקתי משהו ]","[ זרקתי משהו על מישהו ]","[ הרבצתי ]","[ לא התפרצתי בכעס ]","[ התפרצתי בכעס בצורה אחרת (בבקשה לפרט) ]",,"[ start_point_label = 'בכלל לא', middle_point_label = 'במידה בינונית', end_point_label = 'במידה רבה מאוד',  ]","[ start_point_label = 'בכלל לא', middle_point_label = 'במידה בינונית', end_point_label = 'במידה רבה מאוד',  ]","[ start_point_label = 'בכלל לא', middle_point_label = 'במידה בינונית', end_point_label = 'במידה רבה מאוד',  ]","[ start_point_label = 'בכלל לא', middle_point_label = 'במידה בינונית', end_point_label = 'במידה רבה מאוד',  ]","[ start_point_label = 'בכלל לא', middle_point_label = 'במידה בינונית', end_point_label = 'במידה רבה מאוד',  ]","[ start_point_label = 'בכלל לא', middle_point_label = 'במידה בינונית', end_point_label = 'במידה רבה מאוד',  ]","[ start_point_label = 'בכלל לא', middle_point_label = 'במידה בינונית', end_point_label = 'במידה רבה מאוד',  ]","[ start_point_label = 'בכלל לא', middle_point_label = 'במידה בינונית', end_point_label = 'במידה רבה מאוד',  ]","[ start_point_label = 'בכלל לא', middle_point_label = 'במידה בינונית', end_point_label = 'במידה רבה מאוד',  ]","[ start_point_label = 'בכלל לא', middle_point_label = 'במידה בינונית', end_point_label = 'במידה רבה מאוד',  ]","[ start_point_label = 'בכלל לא', middle_point_label = 'במידה בינונית', end_point_label = 'במידה רבה מאוד',  ]","[ start_point_label = 'בכלל לא', middle_point_label = 'במידה בינונית', end_point_label = 'במידה רבה מאוד',  ]","[ start_point_label = 'בכלל לא', middle_point_label = 'במידה בינונית', end_point_label = 'במידה רבה מאוד',  ]"
"12/03/2024 07:01AM","12/03/2024 07:04AM","12/03/2024 07:00AM - 12/03/2024 11:00AM",143.412,"2","1","Finished","674dc384cc103e20a9a5f3d9",,,"no","-","192.168.1.46","Participant 1","1","7","3","2","5","6","No","No","No","No","No","Yes","","חוסר התרכזות בחזרה למבחן","1","2","1","5","5","1","1","1","3","2","1","1","5"
"12/04/2024 07:00AM","12/04/2024 07:02AM","12/04/2024 07:00AM - 12/04/2024 11:00AM",112.972,"3","1","Finished","674dc384cc103e20a9a5f3d9",,,"no","-","192.168.1.46","Participant 1","1","2","1","1","2","1","Yes","No","No","No","No","No","","אח שלי הקטן","1","1","5","5","4","1","2","4","6","3","5","1","5"
"12/16/2024 07:27AM","12/16/2024 07:29AM","12/16/2024 07:00AM - 12/16/2024 11:00AM",122.843,"2","1","Finished","675f118a33abebd908b4742d","0.0","0.0","no","-","100.119.158.108","Participant 2","3","4","3","3","3","5","No","No","No","No","No","Yes","","האמת אני בן אדם רגוע ","3","3","2","4","4","3","3","3","5","5","3","2","4"
"12/17/2024 07:25AM","12/17/2024 07:26AM","12/17/2024 07:00AM - 12/17/2024 11:00AM",69.472,"3","1","Finished","675f118a33abebd908b4742d","0.0","0.0","no","-","192.168.1.193","Participant 2","2","4","2","2","3","4","No","No","No","No","No","Yes","","שאני מאחר לישיבה","3","4","3","3","5","4","3","2","3","3","4","2","4"
"12/18/2024 07:22AM","12/18/2024 07:23AM","12/18/2024 07:00AM - 12/18/2024 11:00AM",79.4,"4","1","Finished","675f118a33abebd908b4742d","0.0","0.0","no","-","192.168.1.193","Participant 2","2","4","2","2","4","2","No","No","No","No","No","Yes","","קמתי מאוחר ","3","3","3","4","2","2","2","2","2","2","2","2","4"
"12/19/2024 07:27AM","12/19/2024 07:28AM","12/19/2024 07:00AM - 12/19/2024 11:00AM",45.298,"5","1","Finished","675f118a33abebd908b4742d","0.0","0.0","no","-","192.168.1.193","Participant 2","2","4","3","2","3","3","No","No","No","No","No","Yes","","המבחן לא הלך כמו שרציתי","2","4","3","2","5","2","1","3","2","4","2","5","2"
"12/22/2024 07:26AM","12/22/2024 07:28AM","12/22/2024 07:00AM - 12/22/2024 11:00AM",84.091,"8","1","Finished","675f118a33abebd908b4742d","0.0","0.0","no","-","100.127.156.148","Participant 2","3","3","3","2","3","3","No","No","No","No","No","Yes","","לא הקמתי לתפילה","4","2","3","4","3","2","3","3","5","4","3","3","4"
"12/23/2024 07:40AM","12/23/2024 07:41AM","12/23/2024 07:00AM - 12/23/2024 11:00AM",50.497,"9","1","Finished","675f118a33abebd908b4742d","0.0","0.0","no","-","100.103.155.179","Participant 2","4","2","2","2","3","3","No","No","No","No","No","Yes","","שאני מאחר לישיבה","1","2","4","2","2","2","2","2","2","2","2","2","4"
"12/24/2024 07:34AM","12/24/2024 07:35AM","12/24/2024 07:00AM - 12/24/2024 11:00AM",91.118,"10","1","Finished","675f118a33abebd908b4742d","0.0","0.0","no","-","100.103.10.5","Participant 2","7","3","2","3","2","5","No","No","No","No","No","Yes","","ששכחתי ללמוד למבחן באנגלית","2","2","3","7","3","2","1","3","3","2","5","2","5"
"01/27/2025 07:43AM","01/27/2025 07:45AM","01/27/2025 07:00AM - 01/27/2025 11:00AM",145.557,"2","1","Finished","6796623cfd75d39f735aa6a3","0.0","0.0","no","-","192.168.0.222","Participant 3","1","7","2","2","1","4","No","No","No","No","No","Yes","","לקום מוקדם","1","2","1","4","3","1","1","2","5","6","7","1","5"
"01/28/2025 08:21AM","01/28/2025 08:23AM","01/28/2025 07:00AM - 01/28/2025 11:00AM",104.058,"3","1","Finished","6796623cfd75d39f735aa6a3","0.0","0.0","no","-","192.168.1.43","Participant 3","1","2","1","2","1","1","No","No","No","No","No","Yes","","כלום","1","1","1","4","2","1","2","1","4","3","7","1","4"
"01/29/2025 08:06AM","01/29/2025 08:08AM","01/29/2025 07:00AM - 01/29/2025 11:00AM",99.872,"4","1","Finished","6796623cfd75d39f735aa6a3","0.0","0.0","no","-","192.168.1.43","Participant 3","1","1","1","1","1","1","No","No","No","No","No","Yes","","המשחק ","1","1","1","5","2","1","1","2","6","7","5","1","4"
"01/30/2025 08:43AM","01/30/2025 08:45AM","01/30/2025 07:00AM - 01/30/2025 11:00AM",96.826,"5","1","Finished","6796623cfd75d39f735aa6a3","0.0","0.0","no","-","192.168.1.43","Participant 3","2","3","1","1","1","5","No","No","No","No","No","Yes","","שיש חטופים בעזה","3","2","2","3","4","1","1","1","5","5","7","1","6"
"02/02/2025 08:50AM","02/02/2025 08:52AM","02/02/2025 07:00AM - 02/02/2025 11:00AM",103.095,"8","1","Finished","6796623cfd75d39f735aa6a3","0.0","0.0","no","-","192.168.1.43","Participant 3","1","3","2","1","1","1","No","No","No","No","No","Yes","","המחלקתי","1","3","1","3","4","1","1","1","1","7","7","1","4"
"02/03/2025 08:13AM","02/03/2025 08:14AM","02/03/2025 07:00AM - 02/03/2025 11:00AM",73.071,"9","1","Finished","6796623cfd75d39f735aa6a3","0.0","0.0","no","-","192.168.1.43","Participant 3","1","2","1","1","1","1","No","No","No","No","No","Yes","",,"1","1","1","6","4","1","1","2","6","5","7","1","3"