﻿,,,,,,,,,,,,"Survey","Participant","Question 1"
,,,,,,,,,,,,,"Question Text","קוד משתתף (בנוי תחילה מהסימן ""#"" ואז ארבע ספרות)"
,,,,,,,,,,,,,"Response Type","Text"
"Start Date","End Date","Time Scheduled","Duration (in seconds)","Day of Survey","Occasion within Day","Finished","Participant ID","Location - Lat","Location - Long","No Login","Group Code","ip address","Choices",
"01/11/2025 06:07PM","01/11/2025 06:07PM","01/11/2025 12:00AM - 01/11/2025 11:59PM",9.577,"1","1","Finished","677e99b0deb32e1664b0f8c1",,,"no","-","192.168.1.228","Participant 1","#7314"
"02/09/2025 08:37PM","02/09/2025 08:38PM","02/09/2025 12:00AM - 02/09/2025 11:59PM",26.571,"1","1","Finished","67a8f32193e9af387806aabd","0.0","0.0","no","-","10.0.0.14","Participant 2","#7382"
"05/04/2025 07:06PM","05/04/2025 07:07PM","05/04/2025 12:00AM - 05/04/2025 11:59PM",17.1,"1","1","Finished","68178ea45a3f3054a098a838",,,"no","-","10.100.102.4","Participant 3","#7502"
"06/15/2025 04:48PM","06/15/2025 04:48PM","06/15/2025 12:00AM - 06/15/2025 11:59PM",15.625,"1","1","Finished","684ecd4b1ecbd049d179f1bb","0.0","0.0","no","-","192.168.1.44","Participant 4","#7464"