﻿,,,,,,,,,,,,"Survey","Participant","Question 1","Question 2","Question 3","Question 4","Question 5","Question 6","Question 7","Question 8","Question 9","Question 10","Question 11","{{Q://Q12/ChoiceTextEntryValue}}","{{Q://Q13/ChoiceTextEntryValue}}.1","{{Q://Q13/ChoiceTextEntryValue}}.2","{{Q://Q13/ChoiceTextEntryValue}}.3","{{Q://Q13/ChoiceTextEntryValue}}.4","{{Q://Q13/ChoiceTextEntryValue}}.5","{{Q://Q13/ChoiceTextEntryValue}}.6","{{Q://Q13/ChoiceTextEntryValue}}.7","Question 14","Question 15","Question 16","Question 17","Question 18","Question 19","Question 20","Question 21","Question 22","Question 23","Question 24","Question 25"
,,,,,,,,,,,,,"Question Text","היום אני ואמא שלי בילינו זמן כיף ביחד","מאז הסקר האחרון, אמא שלי החמיאה לי כשעשיתי משהו בצורה טובה","מאז הסקר האחרון, אמא שלי איימה להעניש אותי אבל לא עשתה זאת","מאז הסקר האחרון, עצבנתי את אמא שלי","מאז הסקר האחרון, אמא שלי העבירה עליי ביקורת","מאז הסקר האחרון, אמא שלי התעצבנה או צעקה עליי","מאז הסקר האחרון, שיתפתי את אמא שלי ברגשות/תחושות שלי (שאני שמחה / עצובה / כועסת / עצבנית / שקרה לי משהו מרגש היום)","מאז הסקר האחרון, אמא שלי הייתה סבלנית כלפיי","היום אמא שלי דיברה איתי על החברים שלי או על היום שלי","היום אמא שלי עזרה לי במשהו (כמו הקפצה לחוג/תנועת נוער, עזרה בשיעורי בית וכו')","מאז הסקר האחרון, אמא שלי הסכימה לכל מה שרציתי","תני דוגמה למשהו שעצבן אותך היום (אפשר גם להקליט תשובה)",":מאז הסקר האחרון, התפרצתי בכעס באחת או יותר מהדרכים הבאות",":מאז הסקר האחרון, התפרצתי בכעס באחת או יותר מהדרכים הבאות",":מאז הסקר האחרון, התפרצתי בכעס באחת או יותר מהדרכים הבאות",":מאז הסקר האחרון, התפרצתי בכעס באחת או יותר מהדרכים הבאות",":מאז הסקר האחרון, התפרצתי בכעס באחת או יותר מהדרכים הבאות",":מאז הסקר האחרון, התפרצתי בכעס באחת או יותר מהדרכים הבאות",":מאז הסקר האחרון, התפרצתי בכעס באחת או יותר מהדרכים הבאות","ברגע זה, אני מרגישה מרוגזת או כועסת","מאז הסקר האחרון, כעסתי או התעצבנתי כשדברים קרו לא כמו שרציתי","מאז הסקר האחרון, הרגשתי מתוסכלת","מאז הסקר האחרון, הרגשתי עצובה או מדוכאת","ברגע זה, אני מרגישה טוב","ברגע זה, אני מרגישה פחד או לחץ","מאז הסקר האחרון, הרגשתי מודאגת או מפוחדת","ברגע זה, אני מרגישה חסרת מנוחה","מאז הסקר האחרון, דעתי הוסחה בקלות","מאז הסקר האחרון, יצא שאמרתי את הדבר הראשון שעלה לי לראש מבלי לעצור ולחשוב","מאז הסקר האחרון, היה לי קשה להפסיק לעשות משהו אחרי שביקשו ממני להפסיק (לדוגמה כשמורים מבקשים ממני להפסיק לדבר בכיתה או כשאמא מבקש ממני להפסיק להיות מול המסך)","! מזכירים לשחק גם במשחק "
,,,,,,,,,,,,,"Response Type","Scale","Scale","Scale","Scale","Scale","Scale","Scale","Scale","Scale","Scale","Scale","Text","Multiple selection","Multiple selection","Multiple selection","Multiple selection","Multiple selection","Multiple selection","Multiple selection","Scale","Scale","Scale","Scale","Scale","Scale","Scale","Scale","Scale","Scale","Scale","Instruction"
"Start Date","End Date","Time Scheduled","Duration (in seconds)","Day of Survey","Occasion within Day","Finished","Participant ID","Location - Lat","Location - Long","No Login","Group Code","ip address","Choices","[ start_point_label = 'בכלל לא', middle_point_label = 'במידה בינונית', end_point_label = 'במידה רבה מאוד',  ]","[ start_point_label = 'בכלל לא', middle_point_label = 'במידה בינונית', end_point_label = 'במידה רבה מאוד',  ]","[ start_point_label = 'בכלל לא', middle_point_label = 'במידה בינונית', end_point_label = 'במידה רבה מאוד',  ]","[ start_point_label = 'בכלל לא', middle_point_label = 'במידה בינונית', end_point_label = 'במידה רבה מאוד',  ]","[ start_point_label = 'בכלל לא', middle_point_label = 'במידה בינונית', end_point_label = 'במידה רבה מאוד',  ]","[ start_point_label = 'בכלל לא', middle_point_label = 'במידה בינונית', end_point_label = 'במידה רבה מאוד',  ]","[ start_point_label = 'בכלל לא', middle_point_label = 'במידה בינונית', end_point_label = 'במידה רבה מאוד',  ]","[ start_point_label = 'בכלל לא', middle_point_label = 'במידה בינונית', end_point_label = 'במידה רבה מאוד',  ]","[ start_point_label = 'בכלל לא', middle_point_label = 'במידה בינונית', end_point_label = 'במידה רבה מאוד',  ]","[ start_point_label = 'בכלל לא', middle_point_label = 'במידה בינונית', end_point_label = 'במידה רבה מאוד',  ]","[ start_point_label = 'בכלל לא', middle_point_label = 'במידה בינונית', end_point_label = 'במידה רבה מאוד',  ]",,"[ צעקתי ]","[ טרקתי דלת ]","[ זרקתי משהו ]","[ זרקתי משהו על מישהו ]","[ הרבצתי ]","[ לא התפרצתי בכעס ]","[ התפרצתי בכעס בצורה אחרת (בבקשה לפרט) ]","[ start_point_label = 'בכלל לא', middle_point_label = 'במידה בינונית', end_point_label = 'במידה רבה מאוד',  ]","[ start_point_label = 'בכלל לא', middle_point_label = 'במידה בינונית', end_point_label = 'במידה רבה מאוד',  ]","[ start_point_label = 'בכלל לא', middle_point_label = 'במידה בינונית', end_point_label = 'במידה רבה מאוד',  ]","[ start_point_label = 'בכלל לא', middle_point_label = 'במידה בינונית', end_point_label = 'במידה רבה מאוד',  ]","[ start_point_label = 'בכלל לא', middle_point_label = 'במידה בינונית', end_point_label = 'במידה רבה מאוד',  ]","[ start_point_label = 'בכלל לא', middle_point_label = 'במידה בינונית', end_point_label = 'במידה רבה מאוד',  ]","[ start_point_label = 'בכלל לא', middle_point_label = 'במידה בינונית', end_point_label = 'במידה רבה מאוד',  ]","[ start_point_label = 'בכלל לא', middle_point_label = 'במידה בינונית', end_point_label = 'במידה רבה מאוד',  ]","[ start_point_label = 'בכלל לא', middle_point_label = 'במידה בינונית', end_point_label = 'במידה רבה מאוד',  ]","[ start_point_label = 'בכלל לא', middle_point_label = 'במידה בינונית', end_point_label = 'במידה רבה מאוד',  ]","[ start_point_label = 'בכלל לא', middle_point_label = 'במידה בינונית', end_point_label = 'במידה רבה מאוד',  ]",
"12/18/2024 10:13PM","12/18/2024 10:16PM","12/18/2024 05:00PM - 12/18/2024 11:00PM",154.183,"2","1","Finished","6761a67e8b60efe498aced32","0.0","0.0","no","-","192.168.1.151","Participant 1","1","1","1","1","1","1","7","6","5","1","4","לא התעצבנתי היום","No","No","No","No","No","Yes","","1","1","5","2","6","2","2","1","1","1","1",
"12/19/2024 07:00PM","12/19/2024 07:05PM","12/19/2024 05:00PM - 12/19/2024 11:00PM",258.004,"3","1","Finished","6761a67e8b60efe498aced32","0.0","0.0","no","-","192.168.1.247","Participant 1","1","5","1","1","1","1","5","7","7","7","7","כשהייתי בלחץ ממבחן וזה גרם לי להיות עצבנית ובכיתי בגלל זה","No","No","No","No","No","Yes","","1","1","2","2","5","2","1","1","1","1","1",
"12/20/2024 05:46PM","12/20/2024 05:48PM","12/20/2024 05:00PM - 12/20/2024 11:00PM",82.582,"4","1","Finished","6761a67e8b60efe498aced32","0.0","0.0","no","-","2a0d:6fc2:54a0:4300:c89f:981a:dd36:70ed","Participant 1","7","7","1","1","1","1","1","7","7","7","7","לא התעצבנתי היום ","No","No","No","No","No","Yes","","1","1","1","1","7","1","1","1","1","1","1",
"12/21/2024 07:39PM","12/21/2024 07:41PM","12/21/2024 05:00PM - 12/21/2024 11:00PM",109.18,"5","1","Finished","6761a67e8b60efe498aced32","0.0","0.0","no","-","192.168.1.247","Participant 1","5","7","1","1","1","1","1","7","1","7","7","לא התעצבנתי ","No","No","No","No","No","Yes","","1","1","1","1","7","1","1","1","1","5","1",
"12/22/2024 06:57PM","12/22/2024 06:59PM","12/22/2024 05:00PM - 12/22/2024 11:00PM",86.021,"6","1","Finished","6761a67e8b60efe498aced32","0.0","0.0","no","-","192.168.1.247","Participant 1","7","7","1","1","1","1","1","7","4","7","7","הייתי צריכה לעשות עבודה שכל שאלה בה היא עם שמונה סעיפים","Yes","No","No","No","No","No","","1","1","1","1","7","1","1","1","1","1","1",
"12/23/2024 09:19PM","12/23/2024 09:21PM","12/23/2024 05:00PM - 12/23/2024 11:00PM",114.544,"7","1","Finished","6761a67e8b60efe498aced32","0.0","0.0","no","-","192.168.1.247","Participant 1","5","7","1","1","1","1","5","7","7","7","7","שלמדתי הרבה שעות בבית ספר ואז גם למדתי בבית","No","No","No","No","No","Yes","","1","1","1","1","5","1","1","1","1","1","1",
"12/24/2024 07:22PM","12/24/2024 07:23PM","12/24/2024 05:00PM - 12/24/2024 11:00PM",65.429,"8","1","Finished","6761a67e8b60efe498aced32","0.0","0.0","no","-","2a02:6680:1007:470b:3021:8433:7074:7959","Participant 1","1","7","1","1","1","1","5","7","5","7","7","לא התעצבנתי","No","No","No","No","No","Yes","","1","1","1","1","7","1","1","1","1","1","1",
"12/19/2024 06:19PM","12/19/2024 06:23PM","12/19/2024 05:00PM - 12/19/2024 11:00PM",219.802,"2","1","Finished","6762f36917bb529f7000ba33",,,"no","-","192.168.1.196","Participant 2","7","7","1","1","1","1","1","7","7","1","5","מה שעצבן אותי היום זה שהייתי צריכה לקום מוקדם","No","No","No","No","No","Yes","","1","1","1","1","7","1","1","1","1","1","7",
"12/20/2024 06:44PM","12/20/2024 06:48PM","12/20/2024 05:00PM - 12/20/2024 11:00PM",215.126,"3","1","Finished","6762f36917bb529f7000ba33",,,"no","-","192.168.1.196","Participant 2","1","7","1","1","1","1","1","1","1","1","5","מה שעצבן אותי זה שהייתי צריכה לקום בחמש","No","No","No","No","No","Yes","","1","1","1","1","7","1","1","1","1","1","1",
"12/21/2024 05:06PM","12/21/2024 05:08PM","12/21/2024 05:00PM - 12/21/2024 11:00PM",113.475,"4","1","Finished","6762f36917bb529f7000ba33",,,"no","-","10.177.54.73","Participant 2","1","1","1","1","1","1","1","1","1","1","1","שום דבר לא עצבן אותי היום","No","No","No","No","No","Yes","","1","1","1","1","7","1","1","1","1","1","1",
"12/23/2024 05:51PM","12/23/2024 05:54PM","12/23/2024 05:00PM - 12/23/2024 11:00PM",207.206,"6","1","Finished","6762f36917bb529f7000ba33",,,"no","-","192.168.1.196","Participant 2","1","1","1","1","4","1","4","1","1","2","2"," שום דבר לא עצבן אותי","No","No","No","No","No","Yes","","1","1","1","1","1","1","1","4","1","1","1",
"12/24/2024 07:10PM","12/24/2024 07:12PM","12/24/2024 05:00PM - 12/24/2024 11:00PM",116.712,"7","1","Finished","6762f36917bb529f7000ba33",,,"no","-","192.168.1.196","Participant 2","1","7","1","1","1","1","1","1","1","1","1","מה שעצבן אותי שאני משתעלת","No","No","No","No","No","Yes","","1","1","1","1","7","1","1","1","1","1","1",
"12/25/2024 06:49PM","12/25/2024 06:51PM","12/25/2024 05:00PM - 12/25/2024 11:00PM",132.948,"8","1","Finished","6762f36917bb529f7000ba33",,,"no","-","192.168.1.196","Participant 2","3","3","3","6","5","5","3","3","3","5","2","הטלפון נשבר במסך הבא ","No","No","No","No","No","Yes","","6","5","6","5","3","6","5","6","6","4","5",
"01/07/2025 06:59PM","01/07/2025 07:04PM","01/07/2025 05:00PM - 01/07/2025 11:00PM",309.093,"2","1","Finished","677c161092b3eb66e2131ff5",,,"no","-","10.100.102.75","Participant 4","1","5","1","2","1","1","5","3","5","3","2","ילדים בכיתה שלי קפצו על השולחנות וצרחו ","Yes","No","No","No","No","No","","1","3","5","2","5","5","3","3","2","3","2",
"01/08/2025 08:31PM","01/08/2025 08:38PM","01/08/2025 05:00PM - 01/08/2025 11:00PM",431.149,"3","1","Finished","677c161092b3eb66e2131ff5",,,"no","-","10.100.102.75","Participant 4","2","3","1","1","3","1","3","5","3","5","3","עייפות ","No","No","No","No","No","Yes","","5","1","3","3","2","4","3","3","2","1","3",
"01/09/2025 05:50PM","01/09/2025 05:55PM","01/09/2025 05:00PM - 01/09/2025 11:00PM",326.99,"4","1","Finished","677c161092b3eb66e2131ff5",,,"no","-","10.100.102.75","Participant 4","5","3","1","1","1","1","3","6","3","2","4","עייפות ","No","No","No","No","No","Yes","","1","2","3","3","5","3","2","1","3","3","1",
"01/10/2025 09:38PM","01/10/2025 09:42PM","01/10/2025 05:00PM - 01/10/2025 11:00PM",221.591,"5","1","Finished","677c161092b3eb66e2131ff5",,,"no","-","10.100.102.75","Participant 4","1","3","1","1","1","2","2","5","2","1","3","עייפות ","No","No","No","No","No","Yes","","2","1","2","2","6","3","3","3","2","2","2",
"01/11/2025 07:22PM","01/11/2025 07:26PM","01/11/2025 05:00PM - 01/11/2025 11:00PM",260.06,"6","1","Finished","677c161092b3eb66e2131ff5",,,"no","-","10.100.102.75","Participant 4","3","3","1","3","2","2","2","3","2","2","3","עייפות","No","No","No","No","No","Yes","","3","2","2","2","3","3","3","3","2","3","3",
"01/12/2025 07:26PM","01/12/2025 07:29PM","01/12/2025 05:00PM - 01/12/2025 11:00PM",196.891,"7","1","Finished","677c161092b3eb66e2131ff5",,,"no","-","10.100.102.75","Participant 4","1","3","1","1","2","1","3","3","2","2","2","עייפות ","No","No","No","No","No","Yes","","3","3","2","3","4","1","1","2","2","2","2",
"01/13/2025 08:52PM","01/13/2025 09:00PM","01/13/2025 05:00PM - 01/13/2025 11:00PM",478.665,"8","1","Finished","677c161092b3eb66e2131ff5",,,"no","-","10.100.102.75","Participant 4","2","3","1","2","2","3","3","3","4","3","2","עייפות ","No","No","No","No","No","Yes","","2","3","2","3","4","2","3","2","3","2","2",
"01/13/2025 06:06PM","01/13/2025 06:10PM","01/13/2025 05:00PM - 01/13/2025 11:00PM",230.234,"2","1","Finished","6783ed149132493f1e0a2697","0.0","0.0","no","-","192.168.1.253","Participant 5","5","1","1","1","1","1","4","7","5","7","6","הביאו לנו שיעורי בית ","Yes","No","No","No","No","No","","1","4","1","1","6","1","1","1","4","7","5",
"01/14/2025 07:06PM","01/14/2025 07:09PM","01/14/2025 05:00PM - 01/14/2025 11:00PM",162.007,"3","1","Finished","6783ed149132493f1e0a2697","0.0","0.0","no","-","2a0d:6fc7:443:e82e:b010:c747:5409:a724","Participant 5","7","7","1","4","6","1","6","7","7","7","7","כלום","No","No","No","No","No","Yes","","1","5","4","1","6","1","1","1","1","7","1",
"01/15/2025 05:08PM","01/15/2025 05:12PM","01/15/2025 05:00PM - 01/15/2025 11:00PM",246.442,"4","1","Finished","6783ed149132493f1e0a2697","0.0","0.0","no","-","192.168.1.253","Participant 5","4","6","1","1","1","1","7","7","6","6","7","הגעתי מוקדם לבית ספר בגלל האוטובוס ","No","No","No","No","No","Yes","","1","5","4","1","7","1","1","1","2","7","2",
"01/16/2025 07:01PM","01/16/2025 07:07PM","01/16/2025 05:00PM - 01/16/2025 11:00PM",367.078,"5","1","Finished","6783ed149132493f1e0a2697","0.0","0.0","no","-","2a0d:6fc7:442:6818:10ec:ed45:df71:f78a","Participant 5","6","5","1","1","1","1","7","7","7","7","7","שיעור מתמטיקה ","No","No","No","No","No","Yes","","1","1","1","1","7","1","1","1","5","7","1",
"01/17/2025 05:13PM","01/17/2025 05:14PM","01/17/2025 05:00PM - 01/17/2025 11:00PM",113.977,"6","1","Finished","6783ed149132493f1e0a2697","0.0","0.0","no","-","192.168.1.253","Participant 5","7","7","1","1","1","1","6","7","1","6","7","קמתי מוקדם","No","No","No","No","No","Yes","","1","1","1","1","5","1","1","1","4","6","4",
"01/18/2025 07:40PM","01/18/2025 07:42PM","01/18/2025 05:00PM - 01/18/2025 11:00PM",100.511,"7","1","Finished","6783ed149132493f1e0a2697","0.0","0.0","no","-","192.168.1.253","Participant 5","7","6","1","4","4","4","6","5","3","7","7","שיעורי בית","No","No","No","No","No","Yes","","1","1","2","1","6","1","1","1","4","7","5",
"01/19/2025 06:01PM","01/19/2025 06:03PM","01/19/2025 05:00PM - 01/19/2025 11:00PM",105.815,"8","1","Finished","6783ed149132493f1e0a2697","0.0","0.0","no","-","192.168.1.253","Participant 5","5","5","1","1","1","1","6","6","5","7","7","חזרתי הביתה מאוחר","No","No","No","No","No","Yes","","1","2","1","1","7","1","1","1","1","7","1",
"01/16/2025 06:41PM","01/16/2025 06:47PM","01/16/2025 05:00PM - 01/16/2025 11:00PM",367.922,"2","1","Finished","6787c23313aa347c7f08e3cc",,,"no","-","192.168.1.221","Participant 6","3","1","1","1","5","1","6","5","5","6","7","ניסיתי לעשות את העבודה שלי באזרחות בספריה ב3 שעות חלון שהיו לי ולא הצלחתי להתרכז כי חברה שלי רצתה לדבר איתי אז לא התקדמי עד כדי כך בעבודה כמו שרציתי","No","No","No","No","No","Yes","","1","5","2","3","6","2","1","5","7","3","5",
"01/17/2025 09:31PM","01/17/2025 09:40PM","01/17/2025 05:00PM - 01/17/2025 11:00PM",546.074,"3","1","Finished","6787c23313aa347c7f08e3cc",,,"no","-","192.168.1.221","Participant 6","6","5","7","6","6","6","5","3","6","5","2","אחותי לא נקתה את השירותים אחרי שזה היה התור שלה ואמרתי לה לעשות את זה כבר 50 פעם","Yes","No","No","No","No","No","איימתי על אחותי במכאות שרובנו ( לא קרה בסוף)","6","6","7","2","2","5","5","5","3","6","3",
"01/18/2025 05:06PM","01/18/2025 05:14PM","01/18/2025 05:00PM - 01/18/2025 11:00PM",462.246,"4","1","Finished","6787c23313aa347c7f08e3cc",,,"no","-","192.168.1.221","Participant 6","6","6","2","2","3","5","6","6","7","3","4","רציתי לצאת לים היום אבל במקום יצאנו לאכול ...המזג אוויר מצויין היום אז התאכזבתי","No","No","No","No","No","Yes","","2","5","5","2","6","2","1","3","3","3","5",
"01/19/2025 06:38PM","01/19/2025 06:49PM","01/19/2025 05:00PM - 01/19/2025 11:00PM",656.097,"5","1","Finished","6787c23313aa347c7f08e3cc",,,"no","-","192.168.1.221","Participant 6","2","3","1","1","2","1","6","5","6","5","5","חברה שלי תהל אחרי שהיא בכתה לי לשבועיים שהאקס שלה בגד בה וכמה היא שונאת אותי החליטה לחזור אליו היום...אני פשוט התייעשתי כבר ","Yes","No","No","No","No","No","לא צעקתי אבל כן אמרתי לחברה שלי שהיא מתנהגת כמו סתומה והתווקחתי איתה קצת ","3","7","7","5","5","5","2","3","5","6","6",
"01/20/2025 05:03PM","01/20/2025 05:10PM","01/20/2025 05:00PM - 01/20/2025 11:00PM",401.833,"6","1","Finished","6787c23313aa347c7f08e3cc",,,"no","-","192.168.1.221","Participant 6","5","2","1","4","3","1","5","2","5","2","2","אני סיימתי מצגת לאנגלית לפני חודש ועכשיו רגע לפני הגשה חברה שלי לעבודה החלטה שהיא רוצה לשנות חצי מהמצגת ","Yes","No","No","No","No","No","","5","6","6","5","5","2","2","2","5","7","6",
"01/21/2025 06:01PM","01/21/2025 06:04PM","01/21/2025 05:00PM - 01/21/2025 11:00PM",139.629,"7","1","Finished","6787c23313aa347c7f08e3cc",,,"no","-","192.168.1.221","Participant 6","1","2","1","1","1","1","2","2","1","1","2","אין היום דאי שקט ","No","No","No","No","No","Yes","","2","2","2","3","6","2","3","3","5","5","3",
"01/22/2025 05:32PM","01/22/2025 05:36PM","01/22/2025 05:00PM - 01/22/2025 11:00PM",267.815,"8","1","Finished","6787c23313aa347c7f08e3cc",,,"no","-","192.168.1.221","Participant 6","5","5","2","5","5","5","6","4","6","5","3","אחותי הייתה צריכה להיות בבית לפני חצי שעה אבל במקום היא חוזרת ב-8 בערב בלי להודיע לי והיה לי תוכניות שבו היא שנתי בגללה ","No","No","No","No","No","Yes","","5","5","6","3","5","3","5","3","3","6","3",
"01/21/2025 05:10PM","01/21/2025 05:12PM","01/21/2025 05:00PM - 01/21/2025 11:00PM",134.956,"2","1","Finished","678d249858adab1eb9365f80",,,"no","-","192.168.1.169","Participant 7","4","7","1","1","1","1","7","5","1","2","2","היום בשיעור ספורט היה משחק לא הוגן","No","No","No","No","No","Yes","","1","6","1","1","7","5","5","1","2","1","1",
"01/22/2025 06:31PM","01/22/2025 06:33PM","01/22/2025 05:00PM - 01/22/2025 11:00PM",104.722,"3","1","Finished","678d249858adab1eb9365f80",,,"no","-","192.168.1.169","Participant 7","1","7","1","1","1","1","7","7","1","7","5","עשיתי מבחן במתמטיקה שהיה קשה ולדעתי לא היה מספיק זמן כמו שמגיע לנו","No","No","No","No","No","Yes","","1","7","2","6","7","1","6","1","2","1","1",
"01/23/2025 05:50PM","01/23/2025 05:53PM","01/23/2025 05:00PM - 01/23/2025 11:00PM",124.93,"4","1","Finished","678d249858adab1eb9365f80",,,"no","-","192.168.1.169","Participant 7","7","7","1","1","1","1","7","7","7","7","7","הילדים במגמה שלי","No","No","No","No","No","Yes","","1","1","1","1","7","2","2","1","6","1","3",
"01/24/2025 05:05PM","01/24/2025 05:07PM","01/24/2025 05:00PM - 01/24/2025 11:00PM",96.867,"5","1","Finished","678d249858adab1eb9365f80",,,"no","-","192.168.1.169","Participant 7","6","7","1","1","1","1","7","7","5","4","6","לא ישנתי חצי מהלילה","No","No","No","No","No","Yes","","2","5","1","1","7","1","1","2","6","4","7",
"01/25/2025 06:11PM","01/25/2025 06:13PM","01/25/2025 05:00PM - 01/25/2025 11:00PM",108.914,"6","1","Finished","678d249858adab1eb9365f80",,,"no","-","192.168.1.169","Participant 7","7","7","1","1","1","1","7","7","4","7","7","תיכננתי ללמוד אך היה מלא רעש מבחוץ שזה נאלץ להתעכב","No","No","No","No","No","Yes","","1","5","2","1","7","2","1","1","6","5","7",
"01/26/2025 07:14PM","01/26/2025 07:15PM","01/26/2025 05:00PM - 01/26/2025 11:00PM",80.824,"7","1","Finished","678d249858adab1eb9365f80",,,"no","-","10.82.137.61","Participant 7","7","7","1","1","1","1","7","1","4","7","7","הייתי צריכה ללכת להתנדבות למרות שכבר יש לי את כל השעות","No","No","No","No","No","Yes","","1","1","1","1","7","1","1","1","3","2","5",
"01/27/2025 06:03PM","01/27/2025 06:07PM","01/27/2025 05:00PM - 01/27/2025 11:00PM",234.127,"8","1","Finished","678d249858adab1eb9365f80",,,"no","-","192.168.1.169","Participant 7","4","7","1","2","1","1","7","6","5","2","2","היום בשיעור היו מלא ילדים שהפריעו עד שהמורה אמרה שכולנו צריכים להישאר עד יותר מאוחר","No","No","No","No","No","Yes","","1","6","1","2","7","2","2","3","5","4","1",
"01/21/2025 05:33PM","01/21/2025 05:35PM","01/21/2025 05:00PM - 01/21/2025 11:00PM",132.126,"2","1","Finished","678ce78d58adab1eb934bf55","0.0","0.0","no","-","10.0.50.237","Participant 8","5","1","1","4","4","1","5","3","5","7","5","שחברות שלי שיקרו לי ","Yes","No","No","No","No","No","","3","7","5","4","7","1","5","2","3","2","4",
"01/22/2025 10:39PM","01/22/2025 10:41PM","01/22/2025 05:00PM - 01/22/2025 11:00PM",146.605,"3","1","Finished","678ce78d58adab1eb934bf55","0.0","0.0","no","-","10.37.44.142","Participant 8","5","6","1","7","1","1","4","4","5","7","5","שחברה שלי הייתה אמורה לאסוף אותי עם אמא שלה לאימון והם איחרו","Yes","No","No","No","No","No","","2","7","7","4","7","2","4","4","5","1","3",
"01/23/2025 05:45PM","01/23/2025 05:49PM","01/23/2025 05:00PM - 01/23/2025 11:00PM",193.359,"4","1","Finished","678ce78d58adab1eb934bf55","0.0","0.0","no","-","10.0.0.24","Participant 8","5","7","1","7","1","3","5","5","1","7","4","המאמן שלי שיקר ","Yes","No","No","No","No","No","","1","7","5","3","6","2","3","3","5","5","5",
"01/24/2025 06:09PM","01/24/2025 06:12PM","01/24/2025 05:00PM - 01/24/2025 11:00PM",174.516,"5","1","Finished","678ce78d58adab1eb934bf55","0.0","0.0","no","-","10.0.0.24","Participant 8","5","3","1","4","4","2","4","4","1","7","1","שהייתי צריכה ללכת לבית ספר ","Yes","Yes","No","No","No","No","","3","7","4","2","5","2","5","4","3","4","2",
"01/25/2025 06:35PM","01/25/2025 06:38PM","01/25/2025 05:00PM - 01/25/2025 11:00PM",145.531,"6","1","Finished","678ce78d58adab1eb934bf55","0.0","0.0","no","-","10.216.114.62","Participant 8","2","1","1","5","2","2","3","3","5","1","6","שקבעתי להפגש עם חברה והיא ביטלה לי ברגע האחרון ","Yes","No","No","No","No","No","","2","7","5","3","6","3","5","3","3","3","2",
"01/26/2025 09:13PM","01/26/2025 09:15PM","01/26/2025 05:00PM - 01/26/2025 11:00PM",137.669,"7","1","Finished","678ce78d58adab1eb934bf55","0.0","0.0","no","-","10.0.0.24","Participant 8","5","6","1","4","3","3","5","5","1","7","5","כלום","No","No","No","No","No","Yes","","2","7","5","3","6","1","3","3","3","3","3",
"01/27/2025 07:29PM","01/27/2025 07:31PM","01/27/2025 05:00PM - 01/27/2025 11:00PM",139.888,"8","1","Finished","678ce78d58adab1eb934bf55","0.0","0.0","no","-","192.168.1.131","Participant 8","7","5","1","5","1","2","5","6","2","7","4","שהמאמן לא הקשיב לי ","Yes","No","No","No","No","No","","1","7","6","3","6","1","2","2","5","4","6",
"01/27/2025 10:29PM","01/27/2025 10:32PM","01/27/2025 05:00PM - 01/27/2025 11:00PM",161.74,"2","1","Finished","67967926fd75d39f735b1ed7","0.0","0.0","no","-","2a00:a041:e0a4:6900:20fd:84e0:c1c:e612","Participant 9","1","1","1","1","5","1","6","4","5","7","1","ההורים שלי לא הסכימו לי לחזור אחרי השעה 23:30 מחברים ","No","No","No","No","No","Yes","","1","1","1","3","7","1","1","1","7","7","1",
"01/28/2025 08:44PM","01/28/2025 08:46PM","01/28/2025 05:00PM - 01/28/2025 11:00PM",111.11,"3","1","Finished","67967926fd75d39f735b1ed7","0.0","0.0","no","-","192.168.1.222","Participant 9","1","5","1","1","1","1","2","7","6","1","3","כלום לא עיצבן אותי ","No","No","No","No","No","Yes","","1","1","1","1","7","1","1","1","1","5","1",
"01/29/2025 05:00PM","01/29/2025 05:01PM","01/29/2025 05:00PM - 01/29/2025 11:00PM",74.839,"4","1","Finished","67967926fd75d39f735b1ed7","0.0","0.0","no","-","192.168.1.222","Participant 9","1","1","1","1","1","1","1","7","1","7","5","כלום","No","No","No","No","No","Yes","","1","1","1","1","7","1","1","1","5","7","1",
"01/30/2025 05:07PM","01/30/2025 05:09PM","01/30/2025 05:00PM - 01/30/2025 11:00PM",128.669,"5","1","Finished","67967926fd75d39f735b1ed7","0.0","0.0","no","-","192.168.1.222","Participant 9","1","7","1","1","1","1","5","7","1","5","7","כלום ","No","No","No","No","No","Yes","","1","1","1","1","7","1","1","1","7","7","4",
"01/31/2025 08:16PM","01/31/2025 08:17PM","01/31/2025 05:00PM - 01/31/2025 11:00PM",60.432,"6","1","Finished","67967926fd75d39f735b1ed7","0.0","0.0","no","-","2a0d:6fc0:724:3800:c825:af72:e021:da63","Participant 9","1","5","1","1","1","1","7","7","5","6","7","כלום","No","No","No","No","No","Yes","","1","1","1","1","7","1","1","1","5","7","1",
"02/02/2025 05:44PM","02/02/2025 05:46PM","02/02/2025 05:00PM - 02/02/2025 11:00PM",80.57,"8","1","Finished","67967926fd75d39f735b1ed7","0.0","0.0","no","-","2a0d:6fc0:724:3800:6c3e:5fe5:30c5:7510","Participant 9","1","1","1","1","2","1","7","7","4","7","7","כלום ","No","No","No","No","No","Yes","","1","1","5","5","2","1","1","1","7","7","7",
"02/06/2025 05:39PM","02/06/2025 05:41PM","02/06/2025 05:00PM - 02/06/2025 11:00PM",126.666,"2","1","Finished","67a3816fba402d566c839a95","0.0","0.0","no","-","2001:40a8:a40:5a35:4c1:3b2:1ec1:bdd","Participant 10","1","2","5","6","2","5","2","5","5","7","5","המחנך שלי הרחיק אותי משיעורי מתמטיקה","Yes","Yes","No","No","No","No","","1","5","5","4","7","1","1","1","5","5","7",
"02/07/2025 07:06PM","02/07/2025 07:10PM","02/07/2025 05:00PM - 02/07/2025 11:00PM",288.24,"3","1","Finished","67a3816fba402d566c839a95","0.0","0.0","no","-","10.100.102.82","Participant 10","1","2","1","3","5","3","5","4","7","7","5","המרכז שלי בצופים צעק עליי בגלל שלא סיימתי את התיק מבנה למרות שאמרתי להם מראש שאין לי זמן לדבר הזה","Yes","No","No","No","No","No","","1","5","5","6","6","1","4","1","7","2","5",
"02/08/2025 08:36PM","02/08/2025 08:38PM","02/08/2025 05:00PM - 02/08/2025 11:00PM",129.036,"4","1","Finished","67a3816fba402d566c839a95","0.0","0.0","no","-","10.100.102.82","Participant 10","1","2","1","1","2","1","1","5","1","1","6","הייתי אמורה ללכת ליום הולדת של חברה ושמתי שעון מעורר כי ידעתי שאני ארדם וההורים שלי כיבו לי אותו ולא הלכתי ליום הולדת","No","No","No","No","No","Yes","","1","2","5","6","6","1","5","1","5","5","5",
"02/09/2025 09:52PM","02/09/2025 09:54PM","02/09/2025 05:00PM - 02/09/2025 11:00PM",85.454,"5","1","Finished","67a3816fba402d566c839a95","0.0","0.0","no","-","10.100.102.82","Participant 10","1","1","1","1","1","1","7","5","6","1","7","המניקוריסטית שלי לא הצליחה לעשות את הדוגמא בציפורניים שרציתי","No","No","No","No","No","Yes","","1","1","1","1","7","1","1","1","6","5","5",
"02/10/2025 05:15PM","02/10/2025 05:19PM","02/10/2025 05:00PM - 02/10/2025 11:00PM",227.29,"6","1","Finished","67a3816fba402d566c839a95","0.0","0.0","no","-","2001:40a8:801:2733:bc5a:4a15:7e28:962c","Participant 10","1","2","1","2","1","7","5","4","6","6","5","רצו להשעות אותי בבית ספר בגלל שאיחרתי בחמש דקות בבוקר והרכזת הייתה עצבנית אז היא הוציאה את העצבים שלה עליי ועל חברות שלי","Yes","Yes","No","No","No","No","","1","5","5","2","5","1","5","2","5","5","5",
"02/11/2025 05:02PM","02/11/2025 05:06PM","02/11/2025 05:00PM - 02/11/2025 11:00PM",253.262,"7","1","Finished","67a3816fba402d566c839a95","0.0","0.0","no","-","2001:40a8:800:6880:8c9:900a:29bf:654","Participant 10","1","2","2","2","3","2","6","5","6","7","2","היה לי מבחן במתמטיקה ולא הצלחתי את השאלה השנייה","No","No","No","No","No","Yes","","3","5","2","2","4","2","2","1","5","5","5",
"02/12/2025 05:52PM","02/12/2025 05:54PM","02/12/2025 05:00PM - 02/12/2025 11:00PM",111.212,"8","1","Finished","67a3816fba402d566c839a95","0.0","0.0","no","-","10.100.102.82","Participant 10","1","2","1","1","1","1","5","6","1","6","5","המורה שלי לפסיכולוגיה לא נתן לי להיכנס לכיתה כי איחרתי","Yes","No","No","No","No","No","","1","6","2","2","4","2","2","3","2","4","5",
"02/06/2025 10:28PM","02/06/2025 10:35PM","02/06/2025 05:00PM - 02/06/2025 11:00PM",419.987,"2","1","Finished","67a3a968ba402d566c84e894","0.0","0.0","no","-","192.168.1.54","Participant 11","1","1","1","1","1","1","2","3","2","2","1",,"No","No","No","No","No","Yes","","1","1","1","1","5","1","4","2","1","1","1",
"02/07/2025 09:06PM","02/07/2025 09:13PM","02/07/2025 05:00PM - 02/07/2025 11:00PM",396.707,"3","1","Finished","67a3a968ba402d566c84e894","0.0","0.0","no","-","192.168.1.53","Participant 11","1","1","1","1","1","1","1","7","1","2","7",,"No","No","No","No","No","Yes","","1","3","1","1","7","1","1","1","1","1","1",
"02/08/2025 06:24PM","02/08/2025 08:42PM","02/08/2025 05:00PM - 02/08/2025 11:00PM",8287.519,"4","1","Finished","67a3a968ba402d566c84e894","0.0","0.0","no","-","192.168.1.54","Participant 11","7","3","1","1","1","1","1","7","1","2","7",,"Yes","No","No","No","No","No","","1","2","1","1","7","1","1","1","1","1","3",
"02/09/2025 07:12PM","02/09/2025 07:17PM","02/09/2025 05:00PM - 02/09/2025 11:00PM",286.624,"5","1","Finished","67a3a968ba402d566c84e894","0.0","0.0","no","-","192.168.1.54","Participant 11","1","1","1","4","1","4","1","3","1","4","5",,"Yes","No","No","No","No","No","","5","1","1","4","5","1","1","1","2","1","2",
"02/10/2025 08:01PM","02/10/2025 08:19PM","02/10/2025 05:00PM - 02/10/2025 11:00PM",1072.843,"6","1","Finished","67a3a968ba402d566c84e894","0.0","0.0","no","-","2a02:14f:17d:ba52:b99c:3bf3:3e93:a0d7","Participant 11","1","1","1","3","1","2","2","5","2","2","6",,"Yes","No","No","No","No","No","","3","7","7","7","3","1","3","1","3","1","2",
"02/11/2025 06:42PM","02/11/2025 06:48PM","02/11/2025 05:00PM - 02/11/2025 11:00PM",357.762,"7","1","Finished","67a3a968ba402d566c84e894","0.0","0.0","no","-","2a02:14f:16f:d1c0:754e:5b43:c637:2f74","Participant 11","1","1","1","2","1","2","1","3","1","3","4","‏שהייתי צריכה להוציא את הכלב שלי. ","Yes","No","No","No","No","Yes","","2","2","4","4","6","3","2","1","4","1","2",
"02/12/2025 09:10PM","02/12/2025 09:41PM","02/12/2025 05:00PM - 02/12/2025 11:00PM",1851.188,"8","1","Finished","67a3a968ba402d566c84e894","0.0","0.0","no","-","192.168.1.54","Participant 11","1","4","1","3","1","2","1","7","1","4","7",,"Yes","No","No","No","No","Yes","","2","2","4","2","5","1","2","2","4","1","3",
"02/12/2025 09:40PM","02/12/2025 09:42PM","02/12/2025 05:00PM - 02/12/2025 11:00PM",146.214,"2","1","Finished","67aa52e393e9af387811b0ca","0.0","0.0","no","-","10.100.102.244","Participant 12","1","4","1","1","1","1","1","4","2","1","2","לא עצבן אותי שום דבר","No","No","No","No","No","Yes","","1","1","1","1","6","1","1","1","2","1","2",
"02/13/2025 08:26PM","02/14/2025 09:36AM","02/13/2025 05:00PM - 02/13/2025 11:00PM",47397.856,"3","1","Auto Submitted","67aa52e393e9af387811b0ca","0.0","0.0","no","-","192.168.1.237","Participant 12","1","1","1","1","1","1","1","3","1","2","2","שום דבר","No","No","No","No","No","Yes","","1","1","1","1","7","1","1","1","3","3","3",
"02/14/2025 07:17PM","02/14/2025 07:18PM","02/14/2025 05:00PM - 02/14/2025 11:00PM",76.274,"4","1","Finished","67aa52e393e9af387811b0ca","0.0","0.0","no","-","10.100.102.244","Participant 12","1","4","1","1","1","1","2","4","3","2","1","שום דבר","No","No","No","No","No","Yes","","1","1","1","1","7","1","1","1","3","2","2",
"02/15/2025 09:37PM","02/15/2025 09:38PM","02/15/2025 05:00PM - 02/15/2025 11:00PM",61.176,"5","1","Finished","67aa52e393e9af387811b0ca","0.0","0.0","no","-","10.100.102.244","Participant 12","2","3","1","2","1","1","2","2","1","2","2","שום דבר ","No","No","No","No","No","Yes","","1","1","1","1","6","1","1","1","2","2","1",
"02/16/2025 07:46PM","02/16/2025 07:47PM","02/16/2025 05:00PM - 02/16/2025 11:00PM",86.424,"6","1","Finished","67aa52e393e9af387811b0ca","0.0","0.0","no","-","10.100.102.244","Participant 12","1","4","1","2","1","2","3","2","2","3","2","שום דבר","No","No","No","No","No","Yes","","1","1","1","1","7","1","1","1","2","4","3",
"02/17/2025 08:14PM","02/17/2025 08:16PM","02/17/2025 05:00PM - 02/17/2025 11:00PM",129.873,"7","1","Finished","67aa52e393e9af387811b0ca","0.0","0.0","no","-","10.100.102.244","Participant 12","1","5","1","2","1","1","2","4","4","1","1","שום דבר","No","No","No","No","No","Yes","","1","1","1","1","5","1","1","1","2","2","2",
"02/18/2025 07:51PM","02/18/2025 07:53PM","02/18/2025 05:00PM - 02/18/2025 11:00PM",107.716,"8","1","Finished","67aa52e393e9af387811b0ca","0.0","0.0","no","-","10.100.102.244","Participant 12","1","5","1","1","1","1","1","4","2","2","2","שום דבר","No","No","No","No","No","Yes","","1","1","1","1","7","1","1","1","1","2","2",
"02/13/2025 09:26PM","02/13/2025 09:28PM","02/13/2025 05:00PM - 02/13/2025 11:00PM",116.734,"2","1","Finished","67ac91178eb0e335f94140d3","0.0","0.0","no","-","2a0d:6fc7:33a:4603:4881:88c3:49b9:853b","Participant 13","1","7","1","1","1","1","1","7","1","1","7","לא התעצבנתי ","No","No","No","No","No","Yes","","1","1","2","2","6","2","6","4","7","1","2",
"02/14/2025 08:07PM","02/14/2025 08:09PM","02/14/2025 05:00PM - 02/14/2025 11:00PM",120.274,"3","1","Finished","67ac91178eb0e335f94140d3","0.0","0.0","no","-","10.100.102.34","Participant 13","1","7","1","1","1","1","4","7","1","1","7","לא התעצבנתי ","No","No","No","No","No","Yes","","1","1","1","1","7","1","1","1","1","1","1",
"02/15/2025 05:01PM","02/15/2025 05:04PM","02/15/2025 05:00PM - 02/15/2025 11:00PM",158.432,"4","1","Finished","67ac91178eb0e335f94140d3","0.0","0.0","no","-","2a0d:6fc2:6530:1e00:28cb:4cf1:abdd:6f7","Participant 13","6","7","1","1","1","1","1","7","5","1","7","לא התעצבנתי ","No","No","No","No","No","Yes","","1","1","1","1","7","1","1","1","1","1","1",
"02/14/2025 07:09PM","02/14/2025 07:20PM","02/14/2025 05:00PM - 02/14/2025 11:00PM",635.321,"2","1","Finished","67ae2f9258056d402b063da2","0.0","0.0","no","-","192.168.68.102","Participant 14","1","2","1","1","1","1","2","4","7","1","1","אני הייתי צריכה לנכות את החדר שלי ","No","No","No","No","No","Yes","","1","1","1","1","5","1","3","3","1","2","2",
"02/15/2025 08:11PM","02/15/2025 08:15PM","02/15/2025 05:00PM - 02/15/2025 11:00PM",256.868,"3","1","Finished","67ae2f9258056d402b063da2","0.0","0.0","no","-","192.168.68.102","Participant 14","4","2","1","2","2","3","1","3","6","3","1","אני לא הצלחתי בשיעורי הבית שלי ","No","No","No","No","No","Yes","","2","4","3","4","2","5","4","2","5","1","3",
"02/16/2025 09:32PM","02/16/2025 09:37PM","02/16/2025 05:00PM - 02/16/2025 11:00PM",313.925,"4","1","Finished","67ae2f9258056d402b063da2","0.0","0.0","no","-","192.168.68.87","Participant 14","1","2","1","1","1","1","1","6","2","1","1","אני לא זוכרת משהו ספציפי שעיצבן אותי היום ","No","No","No","No","No","Yes","","1","1","2","3","6","1","3","3","3","1","3",
"02/17/2025 05:48PM","02/17/2025 05:53PM","02/17/2025 05:00PM - 02/17/2025 11:00PM",273.614,"5","1","Finished","67ae2f9258056d402b063da2","0.0","0.0","no","-","192.168.68.87","Participant 14","1","2","1","1","1","1","1","5","2","1","1","‏בבית ספר שידחו אותנו לקבוצות בשביל העבודה ארוכה שתהיה לנו ובקבוצה אני עם שני ילדים שמעצבנים אותי","No","No","No","No","No","Yes","","2","1","4","1","3","2","2","2","4","1","2",
"02/18/2025 05:54PM","02/18/2025 05:58PM","02/18/2025 05:00PM - 02/18/2025 11:00PM",241.651,"6","1","Finished","67ae2f9258056d402b063da2","0.0","0.0","no","-","192.168.68.87","Participant 14","2","3","1","1","1","2","2","6","2","1","1","לא עצבן אותי משהו היום ","No","No","No","No","No","Yes","","1","1","2","2","4","2","2","1","4","2","2",
"02/19/2025 08:34PM","02/19/2025 08:40PM","02/19/2025 05:00PM - 02/19/2025 11:00PM",365.478,"7","1","Finished","67ae2f9258056d402b063da2","0.0","0.0","no","-","192.168.68.87","Participant 14","1","2","1","1","1","1","2","2","2","1","1","אני לא זוכרת משהו שעצבן אותי ","No","No","No","No","No","Yes","","2","2","2","2","5","3","2","1","3","2","2",
"02/20/2025 07:05PM","02/20/2025 07:08PM","02/20/2025 05:00PM - 02/20/2025 11:00PM",198.119,"8","1","Finished","67ae2f9258056d402b063da2","0.0","0.0","no","-","192.168.68.87","Participant 14","4","4","1","1","1","1","2","7","3","3","2","‏היום עשינו עבודה בקבוצות בבית ספר  והקבוצה שלי בכלל לא עבדה אז הייתי צריכה לעשות את כל","No","No","No","No","No","Yes","","2","2","3","2","5","5","4","2","7","3","1",
"02/21/2025 08:51PM","02/21/2025 08:53PM","02/21/2025 05:00PM - 02/21/2025 11:00PM",167.883,"2","1","Finished","67b4c9269b9b93fbbdf32eed","0.0","0.0","no","-","2a02:6680:1004:a5b4:fcd4:8ff0:57ff:2b0f","Participant 15","2","2","1","1","2","2","2","3","5","3","3","קיבלתי 78 במתמטיקה","No","No","No","No","No","Yes","","2","2","4","2","4","2","5","3","4","3","2",
"02/22/2025 07:01PM","02/22/2025 07:03PM","02/22/2025 05:00PM - 02/22/2025 11:00PM",124.401,"3","1","Finished","67b4c9269b9b93fbbdf32eed","0.0","0.0","no","-","2a06:c701:4772:6500:dc68:3fa7:1a62:47b9","Participant 15","1","4","1","1","3","1","2","3","2","2","5","כלום","No","No","No","No","No","Yes","","2","1","1","1","5","1","2","3","1","1","1",
"02/24/2025 08:36PM","02/24/2025 08:38PM","02/24/2025 05:00PM - 02/24/2025 11:00PM",126.958,"5","1","Finished","67b4c9269b9b93fbbdf32eed","0.0","0.0","no","-","192.168.1.77","Participant 15","4","7","1","1","1","1","5","4","5","5","4","כלום","No","No","No","No","No","Yes","","1","1","5","1","2","2","1","1","1","5","5",
"02/25/2025 09:26PM","02/25/2025 09:29PM","02/25/2025 05:00PM - 02/25/2025 11:00PM",123.629,"6","1","Finished","67b4c9269b9b93fbbdf32eed","0.0","0.0","no","-","10.0.0.2","Participant 15","5","5","1","1","1","1","2","1","5","1","5","כלום","No","No","No","No","No","Yes","","1","1","1","1","5","1","5","1","5","4","2",
"02/26/2025 05:00PM","02/26/2025 05:02PM","02/26/2025 05:00PM - 02/26/2025 11:00PM",84.639,"7","1","Finished","67b4c9269b9b93fbbdf32eed","0.0","0.0","no","-","10.0.0.16","Participant 15","1","2","1","1","1","1","5","5","5","6","2","לא נתנו לי להישאר בבית ספר ולא ללכת לאיזה משהו ","No","No","No","No","No","Yes","","5","4","4","2","3","2","2","3","5","2","5",
"03/05/2025 07:11PM","03/05/2025 07:14PM","03/05/2025 05:00PM - 03/05/2025 11:00PM",173.055,"2","1","Finished","67c7396e46dea88167ee172c",,,"no","-","10.0.0.20","Participant 16","1","1","1","1","1","1","2","6","1","1","2","הכלבה שלי התחילה לנבוח בלי שום סיבה על כלבה אחרת","No","No","No","No","No","Yes","","5","2","6","6","3","2","2","2","2","1","1",
"03/06/2025 06:24PM","03/06/2025 06:28PM","03/06/2025 05:00PM - 03/06/2025 11:00PM",232.452,"3","1","Finished","67c7396e46dea88167ee172c",,,"no","-","10.0.0.14","Participant 16","1","2","1","2","2","1","1","5","2","1","2","לא היה משהו שעצבן אותי היום, לא שאני זוכרת ","No","No","No","No","No","Yes","","1","1","6","5","6","2","2","3","1","1","1",
"03/08/2025 05:59PM","03/08/2025 06:01PM","03/08/2025 05:00PM - 03/08/2025 11:00PM",127.577,"5","1","Finished","67c7396e46dea88167ee172c",,,"no","-","10.0.0.14","Participant 16","7","4","1","1","3","1","2","5","2","6","3","לא היה משהו שעצבן אותי היום ","No","No","No","No","No","Yes","","2","2","6","5","5","3","5","3","2","1","1",
"03/09/2025 07:33PM","03/09/2025 07:37PM","03/09/2025 05:00PM - 03/09/2025 11:00PM",239.49,"6","1","Finished","67c7396e46dea88167ee172c",,,"no","-","10.105.1.131","Participant 16","3","1","1","2","5","5","1","2","1","3","2","כשאמא היתה כועסת ואפשר לומר שקצת הוציאה את זה עלי ועל אחי הקטן ","No","No","No","No","No","Yes","","3","6","6","6","3","2","2","2","1","2","2",
"03/10/2025 06:56PM","03/10/2025 06:58PM","03/10/2025 05:00PM - 03/10/2025 11:00PM",123.815,"7","1","Finished","67c7396e46dea88167ee172c",,,"no","-","10.0.0.16","Participant 16","1","2","1","1","1","1","1","1","2","1","1","לא היה משהו שעצבן אותי היום ","No","No","No","No","No","Yes","","5","6","7","6","3","2","3","3","2","1","1",
"03/11/2025 08:04PM","03/11/2025 08:05PM","03/11/2025 05:00PM - 03/11/2025 11:00PM",97.548,"8","1","Finished","67c7396e46dea88167ee172c",,,"no","-","10.0.0.14","Participant 16","1","2","1","1","1","1","1","2","1","1","2","לא היה משהו שעצבן אותי היום ","No","No","No","No","No","Yes","","2","1","6","6","1","2","3","1","1","1","1",
"03/14/2025 05:15PM","03/14/2025 05:18PM","03/14/2025 05:00PM - 03/14/2025 11:00PM",173.079,"2","1","Finished","67d1a78ec1ae9946c566737d",,,"no","-","192.168.1.132","Participant 17","3","1","1","6","1","5","7","7","6","5","1","אח שלי דיבר מעצבן ואחותי בעטה לי בגב כל הנסיעה שלקחה יותר משעה","Yes","No","No","No","No","No","עקצתי","4","5","5","1","3","2","2","6","1","7","5",
"03/15/2025 05:02PM","03/15/2025 05:05PM","03/15/2025 05:00PM - 03/15/2025 11:00PM",208.338,"3","1","Finished","67d1a78ec1ae9946c566737d",,,"no","-","192.168.1.128","Participant 17","3","4","1","7","1","5","1","5","4","1","1","הייתי במתח כי היה הפורימון ואמא שלי כל הזמן
לא נתנה לי לעשות דברים","Yes","No","No","No","No","No","צעקתי ודיברתי בציניות לא נעימה","7","7","6","1","4","1","2","6","5","1","1",
"03/16/2025 07:53PM","03/16/2025 07:56PM","03/16/2025 05:00PM - 03/16/2025 11:00PM",124.503,"4","1","Finished","67d1a78ec1ae9946c566737d",,,"no","-","192.168.1.128","Participant 17","2","4","1","2","1","1","6","4","3","6","4","לא היה משהו שעיצבן אותי","No","No","No","No","No","Yes","","1","1","6","1","7","1","1","4","1","1","1",
"03/17/2025 08:09PM","03/17/2025 08:11PM","03/17/2025 05:00PM - 03/17/2025 11:00PM",116.527,"5","1","Finished","67d1a78ec1ae9946c566737d",,,"no","-","192.168.1.130","Participant 17","1","4","1","5","1","1","5","4","1","4","1","לא היה","No","No","No","No","No","Yes","","1","3","5","1","7","1","1","2","6","1","6",
"03/19/2025 05:25PM","03/19/2025 05:27PM","03/19/2025 05:00PM - 03/19/2025 11:00PM",136.982,"7","1","Finished","67d1a78ec1ae9946c566737d",,,"no","-","192.168.1.130","Participant 17","1","4","1","1","4","1","5","7","7","5","4","רבתי עם חברה","No","No","No","No","No","Yes","","1","1","1","1","7","1","1","1","5","1","5",
"03/20/2025 05:15PM","03/20/2025 05:17PM","03/20/2025 05:00PM - 03/20/2025 11:00PM",109.249,"8","1","Finished","67d1a78ec1ae9946c566737d",,,"no","-","192.168.1.130","Participant 17","1","5","1","1","1","1","4","5","6","5","1","שמלא ילדים ירדו על ילד אחר סתם","No","No","No","No","No","Yes","","1","1","1","1","7","1","1","1","5","4","6",
"03/18/2025 09:45PM","03/18/2025 09:49PM","03/18/2025 05:00PM - 03/18/2025 11:00PM",261.33,"2","1","Finished","67d84bc6c1ae9946c5b95535",,,"no","-","10.100.102.84","Participant 18","6","6","1","5","5","5","3","3","5","7","5","ילד שם מול הפנים שלי חרק ענקי ואני נגעלת מהם חושבת שהם קצת מפחידים.","Yes","No","No","No","No","No","","1","6","3","5","7","1","6","5","7","3","5",
"03/19/2025 07:00PM","03/19/2025 07:04PM","03/19/2025 05:00PM - 03/19/2025 11:00PM",270.899,"3","1","Finished","67d84bc6c1ae9946c5b95535",,,"no","-","10.100.102.84","Participant 18","5","7","2","3","3","2","6","6","6","5","7","ילדות מהכיתה שלי השפריצו עליי מים למרות שכבר אמרתי להם כבה פעמים שאני לא אוהבת שפורצים למרחב האישי שלי בכל דרך שהיא ","Yes","No","No","No","No","No","","1","6","2","6","7","1","6","2","6","7","3",
"03/20/2025 06:23PM","03/20/2025 06:27PM","03/20/2025 05:00PM - 03/20/2025 11:00PM",217.466,"4","1","Finished","67d84bc6c1ae9946c5b95535",,,"no","-","10.100.102.84","Participant 18","5","7","1","5","2","2","6","4","6","5","7","היום הגיעו התשובות לאם התקבלתי למשהו והיום היה מאוד משעמם והשיעור האחרון הרגיש כמו נצח.","No","No","No","No","No","Yes","","1","2","6","2","7","1","5","3","6","6","3",