﻿,,,,,,,,,,,,"Survey","Participant","Question 1","Question 2","Question 3","Question 4","{{Q://Q5/ChoiceTextEntryValue}}.1","{{Q://Q5/ChoiceTextEntryValue}}.2","{{Q://Q5/ChoiceTextEntryValue}}.3","{{Q://Q5/ChoiceTextEntryValue}}.4","{{Q://Q5/ChoiceTextEntryValue}}.5","{{Q://Q5/ChoiceTextEntryValue}}.6","{{Q://Q5/ChoiceTextEntryValue}}.7","Question 6","Question 7","Question 8","{{Q://Q9/ChoiceTextEntryValue}}","Question 10","Question 11","Question 12","Question 13","Question 14","Question 15","Question 16","Question 17","Question 18","Question 19","Question 20","Question 21"
,,,,,,,,,,,,,"Question Text","מאז הסקר האחרון, הרגשתי מודאגת או מפוחדת","ברגע זה, אני מרגישה פחד או לחץ","ברגע זה, אני מרגישה חסרת מנוחה","מאז הסקר האחרון, דעתי הוסחה בקלות",":מאז הסקר האחרון, התפרצתי בכעס באחת או יותר מהדרכים הבאות",":מאז הסקר האחרון, התפרצתי בכעס באחת או יותר מהדרכים הבאות",":מאז הסקר האחרון, התפרצתי בכעס באחת או יותר מהדרכים הבאות",":מאז הסקר האחרון, התפרצתי בכעס באחת או יותר מהדרכים הבאות",":מאז הסקר האחרון, התפרצתי בכעס באחת או יותר מהדרכים הבאות",":מאז הסקר האחרון, התפרצתי בכעס באחת או יותר מהדרכים הבאות",":מאז הסקר האחרון, התפרצתי בכעס באחת או יותר מהדרכים הבאות","ברגע זה, אני מרגישה מרוגזת או כועסת","מאז הסקר האחרון, הרגשתי מתוסכלת","מאז הסקר האחרון, כעסתי או התעצבנתי כשדברים קרו לא כמו שרציתי","תני דוגמה למשהו שעצבן אותך היום (אפשר גם להקליט תשובה)","מאז הסקר האחרון, יצא שאמרתי את הדבר הראשון שעלה לי לראש מבלי לעצור ולחשוב","מאז הסקר האחרון, היה לי קשה להפסיק לעשות משהו אחרי שביקשו ממני להפסיק (לדוגמה כשמורים מבקשים ממני להפסיק לדבר בכיתה או כשאבא מבקש ממני להפסיק להיות מול המסך)","מאז הסקר האחרון, הרגשתי עצובה או מדוכאת","ברגע זה, אני מרגישה טוב","מאז הסקר האחרון, אבא שלי הסכים לכל מה שרציתי","מאז הסקר האחרון, שיתפתי את אבא שלי ברגשות/תחושות שלי (שאני שמחה / עצובה / כועסת / עצבנית / שקרה לי משהו מרגש היום)","מאז הסקר האחרון, אבא שלי העביר עליי ביקורת","מאז הסקר האחרון, עצבנתי את אבא שלי","מאז הסקר האחרון, אבא שלי התעצבן או צעק עליי","מאז הסקר האחרון, אבא שלי היה סבלני כלפיי","מאז הסקר האחרון, אבא שלי החמיא לי כשעשיתי משהו בצורה טובה","מאז הסקר האחרון, אבא שלי איים להעניש אותי אבל לא עשה זאת"
,,,,,,,,,,,,,"Response Type","Scale","Scale","Scale","Scale","Multiple selection","Multiple selection","Multiple selection","Multiple selection","Multiple selection","Multiple selection","Multiple selection","Scale","Scale","Scale","Text","Scale","Scale","Scale","Scale","Scale","Scale","Scale","Scale","Scale","Scale","Scale","Scale"
"Start Date","End Date","Time Scheduled","Duration (in seconds)","Day of Survey","Occasion within Day","Finished","Participant ID","Location - Lat","Location - Long","No Login","Group Code","ip address","Choices","[ start_point_label = 'בכלל לא', middle_point_label = 'במידה בינונית', end_point_label = 'במידה רבה מאוד',  ]","[ start_point_label = 'בכלל לא', middle_point_label = 'במידה בינונית', end_point_label = 'במידה רבה מאוד',  ]","[ start_point_label = 'בכלל לא', middle_point_label = 'במידה בינונית', end_point_label = 'במידה רבה מאוד',  ]","[ start_point_label = 'בכלל לא', middle_point_label = 'במידה בינונית', end_point_label = 'במידה רבה מאוד',  ]","[ צעקתי ]","[ טרקתי דלת ]","[ זרקתי משהו ]","[ זרקתי משהו על מישהו ]","[ הרבצתי ]","[ לא התפרצתי בכעס ]","[ התפרצתי בכעס בצורה אחרת (בבקשה לפרט) ]","[ start_point_label = 'בכלל לא', middle_point_label = 'במידה בינונית', end_point_label = 'במידה רבה מאוד',  ]","[ start_point_label = 'בכלל לא', middle_point_label = 'במידה בינונית', end_point_label = 'במידה רבה מאוד',  ]","[ start_point_label = 'בכלל לא', middle_point_label = 'במידה בינונית', end_point_label = 'במידה רבה מאוד',  ]",,"[ start_point_label = 'בכלל לא', middle_point_label = 'במידה בינונית', end_point_label = 'במידה רבה מאוד',  ]","[ start_point_label = 'בכלל לא', middle_point_label = 'במידה בינונית', end_point_label = 'במידה רבה מאוד',  ]","[ start_point_label = 'בכלל לא', middle_point_label = 'במידה בינונית', end_point_label = 'במידה רבה מאוד',  ]","[ start_point_label = 'בכלל לא', middle_point_label = 'במידה בינונית', end_point_label = 'במידה רבה מאוד',  ]","[ start_point_label = 'בכלל לא', middle_point_label = 'במידה בינונית', end_point_label = 'במידה רבה מאוד',  ]","[ start_point_label = 'בכלל לא', middle_point_label = 'במידה בינונית', end_point_label = 'במידה רבה מאוד',  ]","[ start_point_label = 'בכלל לא', middle_point_label = 'במידה בינונית', end_point_label = 'במידה רבה מאוד',  ]","[ start_point_label = 'בכלל לא', middle_point_label = 'במידה בינונית', end_point_label = 'במידה רבה מאוד',  ]","[ start_point_label = 'בכלל לא', middle_point_label = 'במידה בינונית', end_point_label = 'במידה רבה מאוד',  ]","[ start_point_label = 'בכלל לא', middle_point_label = 'במידה בינונית', end_point_label = 'במידה רבה מאוד',  ]","[ start_point_label = 'בכלל לא', middle_point_label = 'במידה בינונית', end_point_label = 'במידה רבה מאוד',  ]","[ start_point_label = 'בכלל לא', middle_point_label = 'במידה בינונית', end_point_label = 'במידה רבה מאוד',  ]"
"01/22/2025 07:05AM","01/22/2025 07:10AM","01/22/2025 07:00AM - 01/22/2025 11:00AM",327.78,"2","1","Finished","678fd8aa37a19c21a4c260c2","0.0","0.0","no","-","192.168.1.103","Participant 1","6","6","6","1","Yes","No","No","No","No","No","","1","6","1","אבא שלי אמר לי ללכת למקלחת וכשנכנסתי לא היו לי מים חמים אז אני זו שכעסה עליו","2","5","1","7","5","7","2","1","1","6","4","1"
"01/23/2025 07:05AM","01/23/2025 07:07AM","01/23/2025 07:00AM - 01/23/2025 11:00AM",154.558,"3","1","Finished","678fd8aa37a19c21a4c260c2","0.0","0.0","no","-","192.168.1.103","Participant 1","1","1","7","5","No","No","No","No","No","Yes","","1","3","1","שאבא העיר אותי מאוחר ","5","7","1","7","4","7","2","5","4","6","5","5"
"01/26/2025 07:07AM","01/26/2025 07:10AM","01/26/2025 07:00AM - 01/26/2025 11:00AM",233.419,"6","1","Finished","678fd8aa37a19c21a4c260c2","0.0","0.0","no","-","192.168.1.103","Participant 1","1","1","7","3","Yes","Yes","No","No","No","No","","1","6","7","הייתי אמורה להכין סלטים לארוחה אבל אבא שלי הכין אז בקושי יכולתי לעזור בבית 😤","5","7","1","7","1","6","6","5","5","2","7","5"
"01/27/2025 07:00AM","01/27/2025 07:04AM","01/27/2025 07:00AM - 01/27/2025 11:00AM",249.038,"7","1","Finished","678fd8aa37a19c21a4c260c2","0.0","0.0","no","-","2a02:6680:1108:52e7:e821:33de:4196:46a7","Participant 1","1","3","7","5","Yes","Yes","No","No","No","No","","2","1","4","שאמא שלי על הזמן אמרה לי עכשיו שאני מאחרת בגלל הסקר ואני בכלל לא !!!😤😤😤😤😤😤😤😤😤😤🎗️","2","7","1","7","1","1","3","1","5","1","4","7"
"01/28/2025 07:03AM","01/28/2025 07:10AM","01/28/2025 07:00AM - 01/28/2025 11:00AM",433.319,"8","1","Finished","678fd8aa37a19c21a4c260c2","0.0","0.0","no","-","192.168.1.103","Participant 1","1","5","7","1","No","Yes","No","No","No","No","","1","1","1","שום דבר לא עצבן אותי פשוט מיהרתי להתלבש ובגלל זה טרקתי את הדלת 😤😤😤🎗️","2","5","1","7","2","6","1","1","1","6","1","1"
"01/29/2025 07:02AM","01/29/2025 07:05AM","01/29/2025 07:00AM - 01/29/2025 11:00AM",147.645,"9","1","Finished","678fd8aa37a19c21a4c260c2","0.0","0.0","no","-","192.168.1.103","Participant 1","1","6","7","2","No","No","No","No","No","Yes","","4","1","1","שום דבר עדיין לא עצבן אותי רק זה שלא יודעים מי החטוף השלישי בעסקה  🎗️🎗️🎗️🎗️🎗️🎗️🎗️","1","6","1","7","1","1","1","1","2","6","5","1"
"01/30/2025 07:03AM","01/30/2025 07:05AM","01/30/2025 07:00AM - 01/30/2025 11:00AM",146.564,"10","1","Finished","678fd8aa37a19c21a4c260c2","0.0","0.0","no","-","192.168.1.103","Participant 1","1","2","7","4","No","No","No","No","No","Yes","","1","1","1","אבא שלי כיבה לי את הרדיו ואני ממש אוהבת רדיו 📻🎗️","1","3","1","7","2","2","6","4","6","1","2","7"
"02/02/2025 07:01AM","02/02/2025 07:05AM","02/02/2025 07:00AM - 02/02/2025 11:00AM",234.098,"2","1","Finished","679372c5a921bfa59b1b8210",,,"no","-","10.100.102.29","Participant 2","1","1","1","1","No","No","No","No","No","No","ביקשתי מאמא לדבר ברוגע ובטון דיבור נעים","1","1","1","כלום","1","1","1","4","1","1","1","1","1","1","1","1"
"02/03/2025 07:31AM","02/03/2025 07:33AM","02/03/2025 07:00AM - 02/03/2025 11:00AM",109.212,"3","1","Finished","679372c5a921bfa59b1b8210",,,"no","-","10.100.102.29","Participant 2","1","2","1","1","Yes","No","No","No","No","No","","7","7","7","אמא שלי לא הבינה אותי","7","1","5","3","1","1","1","1","1","1","1","1"
"02/04/2025 07:13AM","02/04/2025 07:16AM","02/04/2025 07:00AM - 02/04/2025 11:00AM",138.581,"4","1","Finished","679372c5a921bfa59b1b8210",,,"no","-","10.100.102.29","Participant 2","7","1","1","1","No","No","No","No","No","Yes","","4","7","2","כלום","1","1","7","7","1","1","1","2","5","4","1","1"
"02/05/2025 07:37AM","02/05/2025 07:40AM","02/05/2025 07:00AM - 02/05/2025 11:00AM",193.979,"5","1","Finished","679372c5a921bfa59b1b8210",,,"no","-","10.100.102.29","Participant 2","5","5","7","2","Yes","No","No","No","No","No","","4","7","2","לא היה לנו קמח ואבא שלי לחץ עליי להכין את הקרפים מהר","1","2","5","7","4","1","1","5","7","1","2","1"
"02/06/2025 07:37AM","02/06/2025 07:39AM","02/06/2025 07:00AM - 02/06/2025 11:00AM",89.312,"6","1","Finished","679372c5a921bfa59b1b8210",,,"no","-","10.178.61.48","Participant 2","7","7","1","2","No","No","No","No","No","Yes","","1","3","1","הפסקת חשמל על הבוקר","1","1","1","7","1","1","1","1","1","1","1","1"
"02/09/2025 07:19AM","02/09/2025 07:20AM","02/09/2025 07:00AM - 02/09/2025 11:00AM",103.5,"9","1","Finished","679372c5a921bfa59b1b8210",,,"no","-","10.100.102.29","Participant 2","1","4","2","3","No","No","No","No","No","Yes","","2","1","1","כלום","1","1","2","4","2","2","2","3","1","3","7","1"
"02/10/2025 07:18AM","02/10/2025 07:20AM","02/10/2025 07:00AM - 02/10/2025 11:00AM",87.889,"10","1","Finished","679372c5a921bfa59b1b8210",,,"no","-","10.100.102.29","Participant 2","2","4","7","1","No","No","No","No","No","Yes","","4","4","1","כלום","1","1","4","4","1","1","7","2","7","1","1","1"
"04/01/2025 07:40AM","04/01/2025 07:44AM","04/01/2025 07:00AM - 04/01/2025 11:00AM",198.677,"2","1","Finished","67eac94d14f74b8445db1c3e",,,"no","-","10.100.102.40","Participant 4","5","5","7","3","Yes","No","No","No","No","No","?","6","6","7","שאני צריכה לעשות את הסקר הזה","6","3","4","5","3","6","2","2","3","7","5","1"
"04/03/2025 07:55AM","04/03/2025 07:58AM","04/03/2025 07:00AM - 04/03/2025 11:00AM",156.155,"4","1","Finished","67eac94d14f74b8445db1c3e",,,"no","-","10.100.102.40","Participant 4","3","3","5","1","Yes","No","No","No","No","No","","3","3","5","שאני צריכה לעשות את הסקר הזה","3","2","2","3","2","5","2","3","5","3","3","1"