﻿,,,,,,,,,,,,"Survey","Participant","Question 1","Question 2","Question 3","Question 4","{{Q://Q5/ChoiceTextEntryValue}}.1","{{Q://Q5/ChoiceTextEntryValue}}.2","{{Q://Q5/ChoiceTextEntryValue}}.3","{{Q://Q5/ChoiceTextEntryValue}}.4","{{Q://Q5/ChoiceTextEntryValue}}.5","{{Q://Q5/ChoiceTextEntryValue}}.6","{{Q://Q5/ChoiceTextEntryValue}}.7","Question 6","Question 7","Question 8","{{Q://Q9/ChoiceTextEntryValue}}","Question 10","Question 11","Question 12","Question 13","Question 14","Question 15","Question 16","Question 17","Question 18","Question 19","Question 20","Question 21","Question 22","Question 23","Question 24","Question 25"
,,,,,,,,,,,,,"Question Text","מאז הסקר האחרון, הרגשתי מודאגת או מפוחדת","ברגע זה, אני מרגישה פחד או לחץ","ברגע זה, אני מרגישה חסרת מנוחה","מאז הסקר האחרון, דעתי הוסחה בקלות",":מאז הסקר האחרון, התפרצתי בכעס באחת או יותר מהדרכים הבאות",":מאז הסקר האחרון, התפרצתי בכעס באחת או יותר מהדרכים הבאות",":מאז הסקר האחרון, התפרצתי בכעס באחת או יותר מהדרכים הבאות",":מאז הסקר האחרון, התפרצתי בכעס באחת או יותר מהדרכים הבאות",":מאז הסקר האחרון, התפרצתי בכעס באחת או יותר מהדרכים הבאות",":מאז הסקר האחרון, התפרצתי בכעס באחת או יותר מהדרכים הבאות",":מאז הסקר האחרון, התפרצתי בכעס באחת או יותר מהדרכים הבאות","ברגע זה, אני מרגישה מרוגזת או כועסת","מאז הסקר האחרון, הרגשתי מתוסכלת","מאז הסקר האחרון, כעסתי או התעצבנתי כשדברים קרו לא כמו שרציתי","תני דוגמה למשהו שעצבן אותך היום (אפשר גם להקליט תשובה)","מאז הסקר האחרון, יצא שאמרתי את הדבר הראשון שעלה לי לראש מבלי לעצור ולחשוב","מאז הסקר האחרון, היה לי קשה להפסיק לעשות משהו אחרי שביקשו ממני להפסיק (לדוגמה כשמורים מבקשים ממני להפסיק לדבר בכיתה או כשאבא מבקש ממני להפסיק להיות מול המסך)","מאז הסקר האחרון, הרגשתי עצובה או מדוכאת","ברגע זה, אני מרגישה טוב","מאז הסקר האחרון, אבא שלי הסכים לכל מה שרציתי","מאז הסקר האחרון, שיתפתי את אבא שלי ברגשות/תחושות שלי (שאני שמחה / עצובה / כועסת / עצבנית / שקרה לי משהו מרגש היום)","מאז הסקר האחרון, אבא שלי העביר עליי ביקורת","מאז הסקר האחרון, עצבנתי את אבא שלי","מאז הסקר האחרון, אבא שלי התעצבן או צעק עליי","מאז הסקר האחרון, אבא שלי היה סבלני כלפיי","מאז הסקר האחרון, אבא שלי החמיא לי כשעשיתי משהו בצורה טובה","היום אבא שלי דיבר איתי על החברים שלי או על היום שלי","היום אני ואבא שלי בילינו זמן כיף ביחד","מאז הסקר האחרון, אבא שלי איים להעניש אותי אבל לא עשה זאת","היום אבא שלי עזר לי במשהו (כמו הקפצה לחוג/תנועת נוער, עזרה בשיעורי בית וכו')","! מזכירים לשחק גם במשחק"
,,,,,,,,,,,,,"Response Type","Scale","Scale","Scale","Scale","Multiple selection","Multiple selection","Multiple selection","Multiple selection","Multiple selection","Multiple selection","Multiple selection","Scale","Scale","Scale","Text","Scale","Scale","Scale","Scale","Scale","Scale","Scale","Scale","Scale","Scale","Scale","Scale","Scale","Scale","Scale","Instruction"
"Start Date","End Date","Time Scheduled","Duration (in seconds)","Day of Survey","Occasion within Day","Finished","Participant ID","Location - Lat","Location - Long","No Login","Group Code","ip address","Choices","[ start_point_label = 'בכלל לא', middle_point_label = 'במידה בינונית', end_point_label = 'במידה רבה מאוד',  ]","[ start_point_label = 'בכלל לא', middle_point_label = 'במידה בינונית', end_point_label = 'במידה רבה מאוד',  ]","[ start_point_label = 'בכלל לא', middle_point_label = 'במידה בינונית', end_point_label = 'במידה רבה מאוד',  ]","[ start_point_label = 'בכלל לא', middle_point_label = 'במידה בינונית', end_point_label = 'במידה רבה מאוד',  ]","[ צעקתי ]","[ טרקתי דלת ]","[ זרקתי משהו ]","[ זרקתי משהו על מישהו ]","[ הרבצתי ]","[ לא התפרצתי בכעס ]","[ התפרצתי בכעס בצורה אחרת (בבקשה לפרט) ]","[ start_point_label = 'בכלל לא', middle_point_label = 'במידה בינונית', end_point_label = 'במידה רבה מאוד',  ]","[ start_point_label = 'בכלל לא', middle_point_label = 'במידה בינונית', end_point_label = 'במידה רבה מאוד',  ]","[ start_point_label = 'בכלל לא', middle_point_label = 'במידה בינונית', end_point_label = 'במידה רבה מאוד',  ]",,"[ start_point_label = 'בכלל לא', middle_point_label = 'במידה בינונית', end_point_label = 'במידה רבה מאוד',  ]","[ start_point_label = 'בכלל לא', middle_point_label = 'במידה בינונית', end_point_label = 'במידה רבה מאוד',  ]","[ start_point_label = 'בכלל לא', middle_point_label = 'במידה בינונית', end_point_label = 'במידה רבה מאוד',  ]","[ start_point_label = 'בכלל לא', middle_point_label = 'במידה בינונית', end_point_label = 'במידה רבה מאוד',  ]","[ start_point_label = 'בכלל לא', middle_point_label = 'במידה בינונית', end_point_label = 'במידה רבה מאוד',  ]","[ start_point_label = 'בכלל לא', middle_point_label = 'במידה בינונית', end_point_label = 'במידה רבה מאוד',  ]","[ start_point_label = 'בכלל לא', middle_point_label = 'במידה בינונית', end_point_label = 'במידה רבה מאוד',  ]","[ start_point_label = 'בכלל לא', middle_point_label = 'במידה בינונית', end_point_label = 'במידה רבה מאוד',  ]","[ start_point_label = 'בכלל לא', middle_point_label = 'במידה בינונית', end_point_label = 'במידה רבה מאוד',  ]","[ start_point_label = 'בכלל לא', middle_point_label = 'במידה בינונית', end_point_label = 'במידה רבה מאוד',  ]","[ start_point_label = 'בכלל לא', middle_point_label = 'במידה בינונית', end_point_label = 'במידה רבה מאוד',  ]","[ start_point_label = 'בכלל לא', middle_point_label = 'במידה בינונית', end_point_label = 'במידה רבה מאוד',  ]","[ start_point_label = 'בכלל לא', middle_point_label = 'במידה בינונית', end_point_label = 'במידה רבה מאוד',  ]","[ start_point_label = 'בכלל לא', middle_point_label = 'במידה בינונית', end_point_label = 'במידה רבה מאוד',  ]","[ start_point_label = 'בכלל לא', middle_point_label = 'במידה בינונית', end_point_label = 'במידה רבה מאוד',  ]",
"01/22/2025 07:44PM","01/22/2025 07:49PM","01/22/2025 05:00PM - 01/22/2025 11:00PM",309.245,"2","1","Finished","678fd8aa37a19c21a4c260c2","0.0","0.0","no","-","2a02:6680:210e:c3e1:599e:99b1:3797:56f7","Participant 1","2","1","5","6","No","No","No","No","No","Yes","","1","1","1","עצבן אותי שאיחרתי ברבע שעה לבית הספר","4","7","1","7","5","5","2","6","5","4","2","7","4","4","6",
"01/23/2025 05:14PM","01/23/2025 05:19PM","01/23/2025 05:00PM - 01/23/2025 11:00PM",326.37,"3","1","Finished","678fd8aa37a19c21a4c260c2","0.0","0.0","no","-","192.168.1.103","Participant 1","2","1","7","4","Yes","No","No","No","No","No","","1","5","5","אמא שלי ממש רצתה ללכת לסופר וכשבאתי לשאול אותה מה לקנות מסתבר שהיא כבר הלכה ","1","6","1","7","2","1","1","1","1","7","2","2","1","1","7",
"01/26/2025 08:49PM","01/26/2025 08:54PM","01/26/2025 05:00PM - 01/26/2025 11:00PM",307.496,"6","1","Finished","678fd8aa37a19c21a4c260c2","0.0","0.0","no","-","2a02:6680:1108:52e7:e821:33de:4196:46a7","Participant 1","2","5","7","6","No","No","No","No","No","Yes","","1","1","6","שהלכתי לשוק עם חברות שלי ואמא שלי דאגה לי יותר מידי וזה ממש הביך אותי לידי חברות שלי 😤😤😤😤😤😤😤😤😤😤😤😤😤😤😤😤😤😤😤😤😤😤😤😤😤😤😤😤😤😤😤🎗️","4","6","1","7","5","1","1","5","4","2","3","5","2","2","6",
"01/27/2025 08:15PM","01/27/2025 08:20PM","01/27/2025 05:00PM - 01/27/2025 11:00PM",283.368,"7","1","Finished","678fd8aa37a19c21a4c260c2","0.0","0.0","no","-","192.168.1.103","Participant 1","2","1","7","3","Yes","No","No","No","No","No","","1","7","5","יש לי עבודה במדעים ואני אמורה להמציא עם חברות מוצר טכנולוגי והן רצו לעשות בכלל מכנסיים ולי נמאס מההמצאות שלהן ","4","5","5","7","2","1","5","5","4","2","7","3","1","6","3",
"01/28/2025 06:49PM","01/28/2025 06:55PM","01/28/2025 05:00PM - 01/28/2025 11:00PM",354.339,"8","1","Finished","678fd8aa37a19c21a4c260c2","0.0","0.0","no","-","192.168.1.103","Participant 1","1","1","7","2","Yes","Yes","No","No","No","No","בעטתי מלאאאאאאאאאאאא🎗️","1","7","7","היה לי מבחן קל מידי באנגלית וכל הכיתה הייתה בשוק שסיימתי מהר ואז הייתי צריכה לחכות מלא בחוץ וממש התעצבנתי על זה 🎗️","3","7","7","7","1","5","7","7","6","4","2","3","1","5","2",
"01/29/2025 07:07PM","01/29/2025 07:11PM","01/29/2025 05:00PM - 01/29/2025 11:00PM",282.214,"9","1","Finished","678fd8aa37a19c21a4c260c2","0.0","0.0","no","-","192.168.1.103","Participant 1","1","1","7","2","No","No","No","No","No","No","פשוט יצאתי מהחדר","2","1","7","שבשיעור כינור אף אחד לא התאמן אז רק אני ידעתי לנגן וגם כולם זייפו 🎗️🎗️🎗️","1","7","2","7","2","7","6","5","5","2","3","7","2","2","7",
"01/30/2025 10:10PM","01/30/2025 10:15PM","01/30/2025 05:00PM - 01/30/2025 11:00PM",280.845,"10","1","Finished","678fd8aa37a19c21a4c260c2","0.0","0.0","no","-","2a02:6680:1101:b3bd:18bc:41e9:5d4c:6335","Participant 1","2","1","2","1","No","No","No","No","No","Yes","","1","2","1","שכשהחטופים השתחררו היום כולם דיברו רק על ׳החטופות׳ ולא התייחסו לגדי ולכל התאילנדים ולדעתי צריכים להתייחס גם לתאילנדים כי אמנם הם לא ישראלים אבל גם אותם חטפו וגם הם סבלו 🎗️🎗️🎗️🎗️🎗️🎗️","1","7","1","7","6","4","2","3","2","4","3","2","2","1","7",
"02/02/2025 07:55PM","02/02/2025 07:59PM","02/02/2025 05:00PM - 02/02/2025 11:00PM",236.697,"2","1","Finished","679372c5a921bfa59b1b8210",,,"no","-","10.100.102.29","Participant 2","1","1","1","7","No","No","No","No","No","Yes","","3","7","4","המורה לא הסכימה לשחרר אותנו בזמן ולא נשאר לי זמן לאכול צהריים כי הלכתי להתנדבות להכנת משלוחי מנות שאחר כך מוכרים אותם וכל הכסף לתרומות","1","3","7","5","1","1","1","1","1","1","1","7","1","1","1",
"02/03/2025 07:31PM","02/03/2025 07:34PM","02/03/2025 05:00PM - 02/03/2025 11:00PM",155.333,"3","1","Finished","679372c5a921bfa59b1b8210",,,"no","-","10.100.102.29","Participant 2","1","1","1","1","No","No","No","No","No","Yes","פשוט כעסתי בלב","7","7","7","אבא שלי עצבן אותי בטירוף אין לי מקום להסביר את כל מה שקרה ","1","1","7","1","1","1","7","1","7","1","1","1","1","1","1",
"02/04/2025 07:45PM","02/04/2025 07:46PM","02/04/2025 05:00PM - 02/04/2025 11:00PM",93.391,"4","1","Finished","679372c5a921bfa59b1b8210",,,"no","-","10.100.102.29","Participant 2","7","4","1","1","No","No","No","No","No","Yes","","2","7","1","כלום","1","1","7","7","1","1","7","2","7","2","1","2","7","1","2",
"02/05/2025 07:45PM","02/05/2025 07:47PM","02/05/2025 05:00PM - 02/05/2025 11:00PM",129.801,"5","1","Finished","679372c5a921bfa59b1b8210",,,"no","-","10.100.102.29","Participant 2","2","3","7","5","No","No","No","No","No","Yes","","3","7","2","שילדה מעצבנת בעטה בי בכוונה ","2","1","1","5","1","1","3","3","2","1","1","1","1","1","1",
"02/06/2025 08:25PM","02/06/2025 08:31PM","02/06/2025 05:00PM - 02/06/2025 11:00PM",350.567,"6","1","Finished","679372c5a921bfa59b1b8210",,,"no","-","10.100.102.29","Participant 2","1","7","7","5","No","No","No","No","No","Yes","","4","4","1",,"1","2","1","7","1","1","7","7","7","1","1","1","1","1","1",
"02/09/2025 08:10PM","02/09/2025 08:12PM","02/09/2025 05:00PM - 02/09/2025 11:00PM",127.811,"9","1","Finished","679372c5a921bfa59b1b8210",,,"no","-","10.100.102.29","Participant 2","7","7","7","1","No","No","No","No","No","Yes","","7","7","1","אמא שלי לא הסכימה להכין לי קרפים למחר","2","1","4","4","1","1","1","2","2","1","1","1","1","1","2",
"02/10/2025 07:13PM","02/10/2025 07:15PM","02/10/2025 05:00PM - 02/10/2025 11:00PM",92.157,"10","1","Finished","679372c5a921bfa59b1b8210",,,"no","-","10.100.102.29","Participant 2","3","6","7","3","No","No","No","No","No","Yes","","4","3","3","כלום","2","2","2","4","1","1","4","1","1","1","7","2","2","1","7",