﻿,,,,,,,,,,,,"Survey","Participant","Question 1"
,,,,,,,,,,,,,"Question Text","קוד משתתף (בנוי תחילה מהסימן ""#"" ואז ארבע ספרות)"
,,,,,,,,,,,,,"Response Type","Text"
"Start Date","End Date","Time Scheduled","Duration (in seconds)","Day of Survey","Occasion within Day","Finished","Participant ID","Location - Lat","Location - Long","No Login","Group Code","ip address","Choices",
"01/21/2025 09:08PM","01/21/2025 09:09PM","01/21/2025 12:00AM - 01/21/2025 11:59PM",19.551,"1","1","Finished","678fd8aa37a19c21a4c260c2","0.0","0.0","no","-","192.168.1.103","Participant 1","#7356"
"02/01/2025 09:09PM","02/01/2025 09:10PM","02/01/2025 12:00AM - 02/01/2025 11:59PM",10.5,"1","1","Finished","679372c5a921bfa59b1b8210",,,"no","-","10.100.102.29","Participant 2","#7368"
"02/02/2025 08:20AM","02/02/2025 08:20AM","02/02/2025 12:00AM - 02/02/2025 11:59PM",10.944,"1","1","Finished","66e03ee644f1da2a6001020f",,,"no","-","10.23.111.251","Participant 3","בדיקה בדיקה"
"03/31/2025 08:16PM","03/31/2025 08:16PM","03/31/2025 12:00AM - 03/31/2025 11:59PM",14.312,"1","1","Finished","67eac94d14f74b8445db1c3e",,,"no","-","10.100.102.40","Participant 4","#7448"