﻿,,,,,,,,,,,,"Survey","Participant","Question 1","Question 2","Question 3","{{Q://Q4/ChoiceTextEntryValue}}","{{Q://Q5/ChoiceTextEntryValue}}.1","{{Q://Q5/ChoiceTextEntryValue}}.2","{{Q://Q5/ChoiceTextEntryValue}}.3","{{Q://Q5/ChoiceTextEntryValue}}.4","{{Q://Q5/ChoiceTextEntryValue}}.5","{{Q://Q5/ChoiceTextEntryValue}}.6","{{Q://Q5/ChoiceTextEntryValue}}.7","Question 6","Question 7","Question 8","Question 9","Question 10","Question 11","Question 12","Question 13","Question 14","Question 15","Question 16","Question 17","Question 18","Question 19","Question 20","Question 21","Question 22","Question 23","Question 24","Question 25"
,,,,,,,,,,,,,"Question Text","מאז הסקר האחרון, כעסתי או התעצבנתי כשדברים קרו לא כמו שרציתי","מאז הסקר האחרון, הרגשתי מתוסכל","ברגע זה, אני מרגיש מרוגז או כועס","  תן דוגמה למשהו שעצבן אותך היום (אפשר גם להקליט תשובה)",":מאז הסקר האחרון, התפרצתי בכעס באחת או יותר מהדרכים הבאות",":מאז הסקר האחרון, התפרצתי בכעס באחת או יותר מהדרכים הבאות",":מאז הסקר האחרון, התפרצתי בכעס באחת או יותר מהדרכים הבאות",":מאז הסקר האחרון, התפרצתי בכעס באחת או יותר מהדרכים הבאות",":מאז הסקר האחרון, התפרצתי בכעס באחת או יותר מהדרכים הבאות",":מאז הסקר האחרון, התפרצתי בכעס באחת או יותר מהדרכים הבאות",":מאז הסקר האחרון, התפרצתי בכעס באחת או יותר מהדרכים הבאות","מאז הסקר האחרון, עצבנתי את אמא שלי","היום אמא שלי עזרה לי במשהו (כמו הקפצה לחוג/תנועת נוער, עזרה בשיעורי בית וכו')","מאז הסקר האחרון, אמא שלי התעצבנה או צעקה עליי","מאז הסקר האחרון, אמא שלי הסכימה לכל מה שרציתי","מאז הסקר האחרון, אמא שלי הייתה סבלנית כלפיי","מאז הסקר האחרון, אמא שלי העבירה עליי ביקורת","היום אמא שלי דיברה איתי על החברים שלי או על היום שלי","היום אני ואמא שלי בילינו זמן כיף ביחד","מאז הסקר האחרון, אמא שלי החמיאה לי כשעשיתי משהו בצורה טובה","מאז הסקר האחרון, שיתפתי את אמא שלי ברגשות/תחושות שלי (שאני שמח / עצוב / כועס / עצבני / שקרה לי משהו מרגש היום)","מאז הסקר האחרון, אמא שלי איימה להעניש אותי אבל לא עשתה זאת","ברגע זה, אני מרגיש חסר מנוחה","מאז הסקר האחרון, דעתי הוסחה בקלות","ברגע זה, אני מרגיש פחד או לחץ","מאז הסקר האחרון, הרגשתי מודאג או מפוחד","מאז הסקר האחרון, יצא שאמרתי את הדבר הראשון שעלה לי לראש מבלי לעצור ולחשוב","מאז הסקר האחרון, היה לי קשה להפסיק לעשות משהו אחרי שביקשו ממני להפסיק (לדוגמה כשמורים מבקשים ממני להפסיק לדבר בכיתה או כשאמא מבקשת ממני להפסיק להיות מול המסך)","מאז הסקר האחרון, הרגשתי עצוב או מדוכא","ברגע ,זה אני מרגיש טוב","! מזכירים לשחק גם במשחק"
,,,,,,,,,,,,,"Response Type","Scale","Scale","Scale","Text","Multiple selection","Multiple selection","Multiple selection","Multiple selection","Multiple selection","Multiple selection","Multiple selection","Scale","Scale","Scale","Scale","Scale","Scale","Scale","Scale","Scale","Scale","Scale","Scale","Scale","Scale","Scale","Scale","Scale","Scale","Scale","Instruction"
"Start Date","End Date","Time Scheduled","Duration (in seconds)","Day of Survey","Occasion within Day","Finished","Participant ID","Location - Lat","Location - Long","No Login","Group Code","ip address","Choices","[ start_point_label = 'בכלל לא', middle_point_label = 'במידה בינונית', end_point_label = 'במידה רבה מאוד',  ]","[ start_point_label = 'בכלל לא', middle_point_label = 'במידה בינונית', end_point_label = 'במידה רבה מאוד',  ]","[ start_point_label = 'בכלל לא', middle_point_label = 'במידה בינונית', end_point_label = 'במידה רבה מאוד',  ]",,"[ צעקתי ]","[ טרקתי דלת ]","[ זרקתי משהו ]","[ זרקתי משהו על מישהו ]","[ הרבצתי ]","[ לא התפרצתי בכעס ]","[ התפרצתי בכעס בצורה אחרת (בבקשה לפרט) ]","[ start_point_label = 'בכלל לא', middle_point_label = 'במידה בינונית', end_point_label = 'במידה רבה מאוד',  ]","[ start_point_label = 'בכלל לא', middle_point_label = 'במידה בינונית', end_point_label = 'במידה רבה מאוד',  ]","[ start_point_label = 'בכלל לא', middle_point_label = 'במידה בינונית', end_point_label = 'במידה רבה מאוד',  ]","[ start_point_label = 'בכלל לא', middle_point_label = 'במידה בינונית', end_point_label = 'במידה רבה מאוד',  ]","[ start_point_label = 'בכלל לא', middle_point_label = 'במידה בינונית', end_point_label = 'במידה רבה מאוד',  ]","[ start_point_label = 'בכלל לא', middle_point_label = 'במידה בינונית', end_point_label = 'במידה רבה מאוד',  ]","[ start_point_label = 'בכלל לא', middle_point_label = 'במידה בינונית', end_point_label = 'במידה רבה מאוד',  ]","[ start_point_label = 'בכלל לא', middle_point_label = 'במידה בינונית', end_point_label = 'במידה רבה מאוד',  ]","[ start_point_label = 'בכלל לא', middle_point_label = 'במידה בינונית', end_point_label = 'במידה רבה מאוד',  ]","[ start_point_label = 'בכלל לא', middle_point_label = 'במידה בינונית', end_point_label = 'במידה רבה מאוד',  ]","[ start_point_label = 'בכלל לא', middle_point_label = 'במידה בינונית', end_point_label = 'במידה רבה מאוד',  ]","[ start_point_label = 'בכלל לא', middle_point_label = 'במידה בינונית', end_point_label = 'במידה רבה מאוד',  ]","[ start_point_label = 'בכלל לא', middle_point_label = 'במידה בינונית', end_point_label = 'במידה רבה מאוד',  ]","[ start_point_label = 'בכלל לא', middle_point_label = 'במידה בינונית', end_point_label = 'במידה רבה מאוד',  ]","[ start_point_label = 'בכלל לא', middle_point_label = 'במידה בינונית', end_point_label = 'במידה רבה מאוד',  ]","[ start_point_label = 'בכלל לא', middle_point_label = 'במידה בינונית', end_point_label = 'במידה רבה מאוד',  ]","[ start_point_label = 'בכלל לא', middle_point_label = 'במידה בינונית', end_point_label = 'במידה רבה מאוד',  ]","[ start_point_label = 'בכלל לא', middle_point_label = 'במידה בינונית', end_point_label = 'במידה רבה מאוד',  ]","[ start_point_label = 'בכלל לא', middle_point_label = 'במידה בינונית', end_point_label = 'במידה רבה מאוד',  ]",
"11/30/2024 05:18PM","11/30/2024 05:41PM","11/30/2024 05:00PM - 11/30/2024 11:00PM",1336.159,"2","1","Finished","67484f957c2f821e9bbc4ada",,,"no","-","192.168.1.230","Participant 3","3","3","7","התוכי שלי זהזו חירבן לי על
סקיטבורד שלי","No","No","No","No","No","Yes","","1","2","2","1","1","1","5","7","1","1","1","6","1","1","1","7","1","4","7",
"12/01/2024 05:57PM","12/01/2024 06:03PM","12/01/2024 05:00PM - 12/01/2024 11:00PM",318.464,"3","1","Finished","67484f957c2f821e9bbc4ada",,,"no","-","192.168.1.230","Participant 3","4","4","4","זחיתי מכום 5 באתגר הדילגית בדקה","No","No","No","No","No","Yes","","3","4","2","3","2","5","4","3","7","3","2","1","2","1","2","1","1","1","2",
"12/03/2024 09:34PM","12/03/2024 09:38PM","12/03/2024 05:00PM - 12/03/2024 11:00PM",236.298,"5","1","Finished","67484f957c2f821e9bbc4ada",,,"no","-","10.0.0.12","Participant 3","2","2","4","שלא זכיתי בחוג פינפונג","No","No","No","No","No","No","שתקתי ואמתי לעצמי משהו","2","5","4","4","3","7","3","4","6","2","6","2","4","5","6","1","2","4","1",
"12/04/2024 09:48PM","12/04/2024 09:50PM","12/04/2024 05:00PM - 12/04/2024 11:00PM",105.317,"6","1","Finished","67484f957c2f821e9bbc4ada",,,"no","-","192.168.1.230","Participant 3","3","2","3","ישר כשיתאתי מבית נספר  התעצבנה עליי","No","No","No","No","No","Yes","","5","5","5","2","4","4","4","3","4","3","2","2","5","2","2","4","3","2","5",
"12/05/2024 08:28PM","12/05/2024 08:31PM","12/05/2024 05:00PM - 12/05/2024 11:00PM",207.21,"7","1","Finished","67484f957c2f821e9bbc4ada",,,"no","-","192.168.1.230","Participant 3","1","1","2","אבא צעק אליי","No","No","No","No","No","No","בכייתי","6","1","3","1","1","6","4","7","3","2","7","1","1","2","2","1","1","1","1",
"12/06/2024 06:31PM","12/06/2024 06:32PM","12/06/2024 05:00PM - 12/06/2024 11:00PM",79.839,"8","1","Finished","67484f957c2f821e9bbc4ada",,,"no","-","10.0.0.12","Participant 3","1","1","1","סבא","No","No","Yes","No","No","No","","1","1","1","1","1","1","1","1","1","1","1","1","1","1","1","1","1","1","1",
"12/05/2024 05:02PM","12/05/2024 05:05PM","12/05/2024 05:00PM - 12/05/2024 11:00PM",199.072,"2","1","Finished","67508f84dc3d69e45537faeb","0.0","0.0","no","-","2a00:a041:7860:3400:e91d:6af9:7cdd:c1fa","Participant 4","2","1","1","שאמא שלי עובדת כל היום","No","No","No","No","No","Yes","","1","5","1","3","7","1","6","3","5","6","2","1","2","1","1","2","1","1","7",
"12/06/2024 05:00PM","12/06/2024 05:02PM","12/06/2024 05:00PM - 12/06/2024 11:00PM",124.044,"3","1","Finished","67508f84dc3d69e45537faeb","0.0","0.0","no","-","2a00:a041:7860:3400::2","Participant 4","6","6","1","אח שלי הציק לי היום","Yes","Yes","No","No","No","No","","7","1","6","4","5","7","2","4","5","5","1","4","6","1","1","5","3","5","7",
"12/07/2024 05:00PM","12/07/2024 05:02PM","12/07/2024 05:00PM - 12/07/2024 11:00PM",134.023,"4","1","Finished","67508f84dc3d69e45537faeb","0.0","0.0","no","-","10.26.119.224","Participant 4","1","1","1","לא היה","No","No","No","No","No","Yes","","1","5","1","5","7","1","3","7","7","6","1","1","1","1","1","1","5","1","7",
"12/08/2024 07:22PM","12/08/2024 07:25PM","12/08/2024 05:00PM - 12/08/2024 11:00PM",142.04,"5","1","Finished","67508f84dc3d69e45537faeb","0.0","0.0","no","-","192.168.1.26","Participant 4","1","1","1","שלא יכלתי ללכת לאימון ","No","No","No","No","No","Yes","","1","3","1","4","7","1","2","1","7","4","1","1","2","1","1","1","1","1","7",
"12/09/2024 08:49PM","12/09/2024 08:51PM","12/09/2024 05:00PM - 12/09/2024 11:00PM",108.413,"6","1","Finished","67508f84dc3d69e45537faeb","0.0","0.0","no","-","2a00:a041:7860:3400::2","Participant 4","6","1","5","לא יכולתי ללכת לאימון בגלל מתיחה","No","No","No","No","No","Yes","","1","1","1","5","5","1","4","1","5","3","1","1","1","1","1","5","2","1","7",
"12/10/2024 08:54PM","12/10/2024 08:55PM","12/10/2024 05:00PM - 12/10/2024 11:00PM",61.783,"7","1","Finished","67508f84dc3d69e45537faeb","0.0","0.0","no","-","2a00:a041:7860:3400::2","Participant 4","1","1","1","כואב לי השריר ","No","No","No","No","No","Yes","","1","4","1","2","5","2","6","4","7","6","1","1","1","1","1","1","1","1","7",
"12/11/2024 05:03PM","12/11/2024 05:06PM","12/11/2024 05:00PM - 12/11/2024 11:00PM",187.176,"8","1","Finished","67508f84dc3d69e45537faeb","0.0","0.0","no","-","192.168.1.26","Participant 4","6","6","7","אח שלי היה הרבה זמן במסכים ורציתי שהוא ישחק קצת במשחקים ולא רק בטלפון אז קראתי לו ואז הוא צעק עליי שלא אכפת לו ממני וכזה אז אמא שלי אמרה לי לעזוב אותו ואז הוא צעק עליי ","No","No","No","No","No","No","כעסתי מאוד ","6","1","7","1","5","7","6","7","5","5","4","5","5","1","2","7","5","5","3",
"12/23/2024 07:01PM","12/23/2024 07:04PM","12/23/2024 05:00PM - 12/23/2024 11:00PM",222.883,"2","1","Finished","67682e319e4c11f7e1e4cd41","0.0","0.0","no","-","192.168.1.159","Participant 5","1","1","1","אין","No","No","No","No","No","Yes","","1","7","1","3","7","1","5","1","5","1","1","1","1","1","4","4","1","1","7",
"12/24/2024 05:08PM","12/24/2024 05:10PM","12/24/2024 05:00PM - 12/24/2024 11:00PM",144.961,"3","1","Finished","67682e319e4c11f7e1e4cd41","0.0","0.0","no","-","2a0d:6fc2:4b11:6200:f9aa:e2ca:8af:d1c5","Participant 5","1","1","1","אין","No","No","No","No","No","Yes","","1","1","1","6","4","1","1","1","1","1","1","1","1","1","1","1","1","1","6",
"12/25/2024 05:36PM","12/25/2024 05:38PM","12/25/2024 05:00PM - 12/25/2024 11:00PM",125.009,"4","1","Finished","67682e319e4c11f7e1e4cd41","0.0","0.0","no","-","2a0d:6fc2:4b11:6200:6d4e:b721:1083:9a1c","Participant 5","1","1","1","אין","No","No","No","No","No","Yes","","1","1","1","5","3","1","1","1","6","5","1","1","5","6","6","1","1","1","5",
"12/26/2024 05:45PM","12/26/2024 05:48PM","12/26/2024 05:00PM - 12/26/2024 11:00PM",140.039,"5","1","Finished","67682e319e4c11f7e1e4cd41","0.0","0.0","no","-","2a0d:6fc7:504:f90e:eccf:89fb:1193:c5d1","Participant 5","1","5","1","אין","No","No","No","No","No","Yes","","1","1","1","6","5","1","5","1","5","1","1","1","1","1","6","1","1","1","7",
"12/27/2024 07:58PM","12/27/2024 08:00PM","12/27/2024 05:00PM - 12/27/2024 11:00PM",113.78,"6","1","Finished","67682e319e4c11f7e1e4cd41","0.0","0.0","no","-","192.168.1.159","Participant 5","4","1","5","אין","No","No","No","No","No","Yes","","1","1","1","7","5","1","1","1","1","1","1","1","1","1","1","1","1","1","6",
"12/28/2024 05:12PM","12/28/2024 05:14PM","12/28/2024 05:00PM - 12/28/2024 11:00PM",113.126,"7","1","Finished","67682e319e4c11f7e1e4cd41","0.0","0.0","no","-","2a0d:6fc2:4b11:6200:a806:c03c:ca8b:8013","Participant 5","1","1","1","אין","No","No","No","No","No","Yes","","1","1","1","2","4","1","5","1","5","1","1","1","1","1","1","1","1","1","4",
"12/29/2024 07:00PM","12/29/2024 07:02PM","12/29/2024 05:00PM - 12/29/2024 11:00PM",122.82,"8","1","Finished","67682e319e4c11f7e1e4cd41","0.0","0.0","no","-","192.168.1.159","Participant 5","1","1","1","אין","No","No","No","No","No","Yes","","1","4","1","5","5","2","4","2","7","1","2","1","1","1","1","1","1","1","5",
"12/26/2024 09:36PM","12/26/2024 09:39PM","12/26/2024 05:00PM - 12/26/2024 11:00PM",195.246,"2","1","Finished","676683b79e4c11f7e1e1b0ab",,,"no","-","10.100.102.5","Participant 6","1","1","1","כלום","No","No","No","No","No","Yes","","1","1","1","1","7","1","1","1","6","1","1","1","1","1","1","1","1","1","7",
"12/27/2024 05:12PM","12/27/2024 05:14PM","12/27/2024 05:00PM - 12/27/2024 11:00PM",115.482,"3","1","Finished","676683b79e4c11f7e1e1b0ab",,,"no","-","10.100.102.9","Participant 6","1","1","1","כלום","No","No","No","No","No","Yes","","1","1","1","1","7","1","1","1","1","1","1","1","1","1","1","1","5","1","7",
"12/28/2024 05:57PM","12/28/2024 06:00PM","12/28/2024 05:00PM - 12/28/2024 11:00PM",199.215,"4","1","Finished","676683b79e4c11f7e1e1b0ab",,,"no","-","10.100.102.9","Participant 6","1","1","1","כלום","No","No","No","No","No","Yes","","1","1","1","5","7","1","1","1","1","1","1","2","1","1","1","1","3","1","6",
"12/29/2024 08:09PM","12/29/2024 08:12PM","12/29/2024 05:00PM - 12/29/2024 11:00PM",178.52,"5","1","Finished","676683b79e4c11f7e1e1b0ab",,,"no","-","10.100.102.9","Participant 6","1","1","1","כלום","No","No","No","No","No","Yes","","1","3","1","2","7","1","6","7","1","1","5","1","1","1","1","1","1","1","7",
"12/30/2024 06:57PM","12/30/2024 07:00PM","12/30/2024 05:00PM - 12/30/2024 11:00PM",162.368,"6","1","Finished","676683b79e4c11f7e1e1b0ab",,,"no","-","10.100.102.140","Participant 6","1","1","1","כלום","No","No","No","No","No","Yes","","1","6","1","3","7","1","3","7","5","1","1","1","1","1","1","1","1","1","7",
"12/31/2024 07:25PM","12/31/2024 07:26PM","12/31/2024 05:00PM - 12/31/2024 11:00PM",101.183,"7","1","Finished","676683b79e4c11f7e1e1b0ab",,,"no","-","10.78.91.66","Participant 6","1","1","1","כלום","No","No","No","No","No","Yes","","1","1","1","6","7","1","1","7","6","1","1","1","1","1","1","1","1","1","7",
"01/01/2025 07:08PM","01/01/2025 07:09PM","01/01/2025 05:00PM - 01/01/2025 11:00PM",78.615,"8","1","Finished","676683b79e4c11f7e1e1b0ab",,,"no","-","10.42.128.33","Participant 6","1","1","1","כלום","No","No","No","No","No","Yes","","1","1","1","5","6","1","1","7","6","1","1","1","1","1","1","1","1","1","7",
"01/02/2025 06:43PM","01/02/2025 06:47PM","01/02/2025 05:00PM - 01/02/2025 11:00PM",251.538,"2","1","Finished","67755e53c6a0e6121dcea6f4",,,"no","-","100.97.14.207","Participant 7","2","1","1","שהיום בלילה משהו עשה קריוקי ולא נתן לי לישון","No","No","No","No","No","Yes","","1","1","1","7","7","1","2","1","1","1","1","1","2","1","1","5","1","1","6",
"01/03/2025 07:05PM","01/03/2025 07:09PM","01/03/2025 05:00PM - 01/03/2025 11:00PM",235.863,"3","1","Finished","67755e53c6a0e6121dcea6f4",,,"no","-","192.168.1.192","Participant 7","1","1","1","אחרי שהייתה אזעקה בארבע בבוקר רציתי לחזור לישון ואבא שלי דיבר בקול רם אז טרקתי את הדלת שלי","No","Yes","No","No","No","No","","2","1","2","4","4","2","1","6","2","1","1","2","3","1","1","4","2","1","7",
"01/04/2025 05:53PM","01/04/2025 06:02PM","01/04/2025 05:00PM - 01/04/2025 11:00PM",488.991,"4","1","Finished","67755e53c6a0e6121dcea6f4",,,"no","-","100.96.189.65","Participant 7","1","1","1","כלום ","No","No","No","No","No","Yes","","1","6","1","7","6","1","7","2","2","1","1","1","3","1","1","4","1","1","7",
"01/05/2025 05:35PM","01/05/2025 05:37PM","01/05/2025 05:00PM - 01/05/2025 11:00PM",141.93,"5","1","Finished","67755e53c6a0e6121dcea6f4",,,"no","-","100.96.189.65","Participant 7","1","1","1","כלום ","No","No","No","No","No","Yes","","1","1","1","5","6","1","3","4","1","1","1","2","3","1","1","4","1","1","5",
"01/06/2025 10:10PM","01/06/2025 10:13PM","01/06/2025 05:00PM - 01/06/2025 11:00PM",161.004,"6","1","Finished","67755e53c6a0e6121dcea6f4",,,"no","-","100.96.96.139","Participant 7","2","1","1","כלום ","No","No","No","No","No","Yes","","1","1","1","6","5","1","7","1","6","6","1","1","4","1","1","5","2","1","7",
"01/07/2025 07:44PM","01/07/2025 07:47PM","01/07/2025 05:00PM - 01/07/2025 11:00PM",177.144,"7","1","Finished","67755e53c6a0e6121dcea6f4",,,"no","-","100.104.111.92","Participant 7","5","1","1","היום ניגנתי עם הלהקה שלי והם לא שיתפו פעולה ","Yes","No","No","No","No","No","","1","1","1","6","7","1","6","1","1","1","1","1","5","1","1","6","3","1","6",
"01/08/2025 06:19PM","01/08/2025 06:20PM","01/08/2025 05:00PM - 01/08/2025 11:00PM",92.825,"8","1","Finished","67755e53c6a0e6121dcea6f4",,,"no","-","100.104.111.92","Participant 7","1","1","1","כלום ","No","No","No","No","No","Yes","","1","1","1","4","5","1","6","1","2","2","1","1","4","1","1","4","3","1","5",
"01/07/2025 05:00PM","01/07/2025 05:03PM","01/07/2025 05:00PM - 01/07/2025 11:00PM",176.557,"2","1","Finished","677bd99b92b3eb66e2129f7c","0.0","0.0","no","-","10.100.102.46","Participant 8","1","1","1","משמרות זהב","No","No","No","No","No","Yes","","1","5","1","1","3","3","5","5","1","4","4","1","3","1","1","1","1","1","4",
"01/08/2025 09:04PM","01/08/2025 09:06PM","01/08/2025 05:00PM - 01/08/2025 11:00PM",121.545,"3","1","Finished","677bd99b92b3eb66e2129f7c","0.0","0.0","no","-","10.100.102.46","Participant 8","1","1","1","בית ספר","No","No","No","No","No","Yes","","1","1","1","1","5","1","3","5","5","1","1","7","3","1","1","1","2","1","4",
"01/09/2025 07:23PM","01/09/2025 07:26PM","01/09/2025 05:00PM - 01/09/2025 11:00PM",146.58,"4","1","Finished","677bd99b92b3eb66e2129f7c","0.0","0.0","no","-","10.100.102.46","Participant 8","1","1","5","ףףבית ספר","No","No","No","No","No","Yes","","2","3","5","1","2","5","2","1","1","3","1","1","1","1","1","1","1","1","3",
"01/10/2025 05:00PM","01/10/2025 05:02PM","01/10/2025 05:00PM - 01/10/2025 11:00PM",105.846,"5","1","Finished","677bd99b92b3eb66e2129f7c","0.0","0.0","no","-","10.100.102.46","Participant 8","5","1","1","בית ספר","Yes","No","No","No","No","No","","1","1","1","1","4","1","4","1","1","5","1","1","1","1","1","1","1","1","5",
"01/11/2025 07:01PM","01/11/2025 07:02PM","01/11/2025 05:00PM - 01/11/2025 11:00PM",72.465,"6","1","Finished","677bd99b92b3eb66e2129f7c","0.0","0.0","no","-","fd58:1210:8b06:3d4a:107f:a227:e54b:8ac8","Participant 8","1","1","1","מתמטיקה","No","No","No","No","No","Yes","","1","1","1","1","4","1","1","5","1","1","1","1","1","1","1","1","1","1","4",
"01/12/2025 05:03PM","01/12/2025 05:04PM","01/12/2025 05:00PM - 01/12/2025 11:00PM",76.197,"7","1","Finished","677bd99b92b3eb66e2129f7c","0.0","0.0","no","-","10.100.102.46","Participant 8","1","1","1","ללימוד","Yes","No","No","No","No","No","","1","1","1","1","4","1","1","3","1","3","1","1","1","1","1","1","1","1","4",
"01/13/2025 10:09PM","01/13/2025 10:10PM","01/13/2025 05:00PM - 01/13/2025 11:00PM",87.156,"8","1","Finished","677bd99b92b3eb66e2129f7c","0.0","0.0","no","-","fd58:1210:8b06:3d4a:107f:a227:e54b:8ac8","Participant 8","1","1","1","דחייה מבחן","No","No","No","No","No","Yes","","1","4","1","1","5","1","1","4","5","4","1","1","1","1","1","1","1","1","4",
"01/21/2025 09:31PM","01/21/2025 09:34PM","01/21/2025 05:00PM - 01/21/2025 11:00PM",201.198,"2","1","Finished","678d3c0658adab1eb937475c","0.0","0.0","no","-","192.168.7.14","Participant 9","1","1","1","שמזלזלים בי","No","No","No","No","No","Yes","","1","5","1","7","4","2","1","7","4","1","1","1","1","4","4","1","1","1","7",
"01/22/2025 10:03PM","01/22/2025 10:05PM","01/22/2025 05:00PM - 01/22/2025 11:00PM",160.89,"3","1","Finished","678d3c0658adab1eb937475c","0.0","0.0","no","-","2a05:bb80:34:e591:e868:2e6e:9cf7:c03","Participant 9","1","1","1","לא עצבן כלום","No","No","No","No","No","Yes","","2","5","3","1","5","2","1","1","1","3","2","1","1","1","1","1","1","1","5",
"01/23/2025 08:14PM","01/23/2025 08:17PM","01/23/2025 05:00PM - 01/23/2025 11:00PM",179.139,"4","1","Finished","678d3c0658adab1eb937475c","0.0","0.0","no","-","100.84.71.47","Participant 9","1","1","1","אין","No","No","No","No","No","Yes","","1","3","1","7","5","2","1","1","5","1","1","1","1","1","1","1","1","3","7",
"01/24/2025 09:10PM","01/24/2025 09:11PM","01/24/2025 05:00PM - 01/24/2025 11:00PM",81.65,"5","1","Finished","678d3c0658adab1eb937475c","0.0","0.0","no","-","100.84.71.47","Participant 9","1","1","1","אח שלי","No","No","No","No","No","Yes","","1","1","1","7","1","1","1","1","7","1","1","1","1","4","1","1","1","1","7",
"01/25/2025 09:30PM","01/25/2025 09:32PM","01/25/2025 05:00PM - 01/25/2025 11:00PM",92.525,"6","1","Finished","678d3c0658adab1eb937475c","0.0","0.0","no","-","100.84.94.20","Participant 9","5","1","1",,"No","No","No","No","No","Yes","","1","6","1","7","1","1","1","7","7","1","1","1","1","1","1","1","1","1","7",
"01/26/2025 09:49PM","01/26/2025 09:50PM","01/26/2025 05:00PM - 01/26/2025 11:00PM",70.987,"7","1","Finished","678d3c0658adab1eb937475c","0.0","0.0","no","-","100.84.125.109","Participant 9","1","1","1","אין","No","No","No","No","No","Yes","","1","1","1","3","6","1","1","1","6","1","1","3","1","1","1","1","1","1","7",
"01/27/2025 09:00PM","01/27/2025 09:01PM","01/27/2025 05:00PM - 01/27/2025 11:00PM",69.066,"8","1","Finished","678d3c0658adab1eb937475c","0.0","0.0","no","-","100.84.125.109","Participant 9","1","1","1","אין ","No","No","No","No","No","Yes","","1","1","1","1","6","1","1","6","6","1","1","3","2","1","1","1","5","1","7",
"01/28/2025 07:28PM","01/28/2025 07:30PM","01/28/2025 05:00PM - 01/28/2025 11:00PM",126.785,"2","1","Finished","67978e6694c0c6f78b59371d",,,"no","-","192.168.1.145","Participant 10","5","4","3","מבחן","No","No","No","No","No","Yes","","5","1","2","7","7","1","7","7","7","7","1","1","1","1","1","1","1","1","7",
"01/29/2025 06:12PM","01/29/2025 06:14PM","01/29/2025 05:00PM - 01/29/2025 11:00PM",140.649,"3","1","Finished","67978e6694c0c6f78b59371d",,,"no","-","192.168.1.145","Participant 10","1","1","1","לא התעצבנתי היום","No","No","No","No","No","Yes","","3","7","1","7","7","1","7","5","7","7","1","1","1","1","1","1","1","1","7",
"01/30/2025 10:34PM","01/30/2025 10:36PM","01/30/2025 05:00PM - 01/30/2025 11:00PM",117.354,"4","1","Finished","67978e6694c0c6f78b59371d",,,"no","-","192.168.1.145","Participant 10","1","1","1","עייפות","No","No","No","No","No","Yes","","1","1","1","7","7","1","7","1","7","7","1","1","1","1","1","1","1","1","7",
"01/31/2025 08:51PM","01/31/2025 08:54PM","01/31/2025 05:00PM - 01/31/2025 11:00PM",212.243,"5","1","Finished","67978e6694c0c6f78b59371d",,,"no","-","192.168.1.145","Participant 10","3","1","1","כמעט איחרתי לנסיעה","No","No","No","No","No","Yes","","1","5","1","7","7","1","7","5","7","7","1","1","1","1","1","1","1","1","7",
"02/01/2025 07:23PM","02/01/2025 07:24PM","02/01/2025 05:00PM - 02/01/2025 11:00PM",100.39,"6","1","Finished","67978e6694c0c6f78b59371d",,,"no","-","192.168.1.145","Participant 10","4","1","1","לימודים","Yes","No","No","No","No","No","","4","4","4","7","7","1","7","6","7","7","1","1","1","1","1","1","5","1","7",
"02/02/2025 07:21PM","02/02/2025 07:25PM","02/02/2025 05:00PM - 02/02/2025 11:00PM",213.615,"7","1","Finished","67978e6694c0c6f78b59371d",,,"no","-","192.168.1.145","Participant 10","5","2","2","היה לי קשה להירדם","No","No","No","No","No","Yes","","5","4","2","7","7","3","5","3","6","6","1","2","3","1","2","5","5","1","6",
"02/03/2025 06:52PM","02/03/2025 06:54PM","02/03/2025 05:00PM - 02/03/2025 11:00PM",127.454,"8","1","Finished","67978e6694c0c6f78b59371d",,,"no","-","192.168.1.145","Participant 10","4","1","1","לימודים","Yes","No","No","No","No","No","","4","5","5","7","7","3","6","5","6","6","1","1","4","1","1","1","3","1","7",
"02/10/2025 08:36PM","02/10/2025 08:38PM","02/10/2025 05:00PM - 02/10/2025 11:00PM",136.083,"2","1","Finished","67a732e893e9af3878fe7867",,,"no","-","192.168.68.62","Participant 11","3","4","2","עשיתי מבחן, והוא הלך טוב אבל הוא היה קצת כאב ראש...","No","No","No","No","No","Yes","","1","7","1","5","5","3","7","7","6","6","1","1","2","1","3","2","1","1","6",
"02/11/2025 08:09PM","02/11/2025 08:14PM","02/11/2025 05:00PM - 02/11/2025 11:00PM",266.494,"3","1","Finished","67a732e893e9af3878fe7867",,,"no","-","192.168.68.50","Participant 11","2","2","4","לא היה שום דבר שעצבן אותי","No","No","No","No","No","Yes","","1","2","1","2","3","1","1","1","1","1","1","5","3","2","1","1","2","2","3",
"02/12/2025 06:39PM","02/12/2025 06:41PM","02/12/2025 05:00PM - 02/12/2025 11:00PM",127.543,"4","1","Finished","67a732e893e9af3878fe7867",,,"no","-","192.168.68.50","Participant 11","1","1","1","לא הקשיבו לי בחוג","No","No","No","No","No","Yes","","1","3","1","3","4","1","2","1","3","1","1","2","2","1","1","1","1","1","5",
"02/13/2025 10:07PM","02/13/2025 10:08PM","02/13/2025 05:00PM - 02/13/2025 11:00PM",86.358,"5","1","Finished","67a732e893e9af3878fe7867",,,"no","-","192.168.68.62","Participant 11","1","1","1","לא היה","No","No","No","No","No","Yes","","1","5","1","2","5","1","3","2","3","2","1","3","1","1","1","1","1","1","6",
"02/14/2025 06:03PM","02/14/2025 06:06PM","02/14/2025 05:00PM - 02/14/2025 11:00PM",181.167,"6","1","Finished","67a732e893e9af3878fe7867",,,"no","-","192.168.68.62","Participant 11","1","1","2","אין","No","No","No","No","No","Yes","","1","2","1","1","3","2","2","2","2","2","1","3","2","1","1","1","1","1","5",
"02/15/2025 05:58PM","02/15/2025 05:59PM","02/15/2025 05:00PM - 02/15/2025 11:00PM",78.541,"7","1","Finished","67a732e893e9af3878fe7867",,,"no","-","192.168.68.62","Participant 11","1","2","3","הספר שקראתי","No","No","No","No","No","Yes","","1","1","1","2","4","1","1","2","3","1","1","3","2","1","1","1","3","1","5",
"02/16/2025 07:53PM","02/16/2025 07:57PM","02/16/2025 05:00PM - 02/16/2025 11:00PM",192.808,"8","1","Finished","67a732e893e9af3878fe7867",,,"no","-","192.168.68.51","Participant 11","1","1","5","איו","No","No","No","No","No","Yes","","3","6","2","5","6","1","3","3","3","2","1","1","1","1","1","1","3","1","3",
"02/14/2025 05:10PM","02/14/2025 05:12PM","02/14/2025 05:00PM - 02/14/2025 11:00PM",118.249,"2","1","Finished","67ae0b1458056d402b045614",,,"no","-","192.168.0.157","Participant 12","2","1","1","רק משחקי מחשב","No","No","No","No","No","Yes","","1","3","1","1","4","1","2","5","1","1","1","1","1","1","1","1","1","1","5",
"02/15/2025 07:00PM","02/15/2025 07:01PM","02/15/2025 05:00PM - 02/15/2025 11:00PM",84.609,"3","1","Finished","67ae0b1458056d402b045614",,,"no","-","192.168.0.157","Participant 12","4","3","1","שנשברה לי משהו","Yes","Yes","No","No","No","No","","1","1","1","5","5","1","1","5","5","1","1","1","1","1","1","1","1","1","6",
"02/16/2025 05:30PM","02/16/2025 05:31PM","02/16/2025 05:00PM - 02/16/2025 11:00PM",67.969,"4","1","Finished","67ae0b1458056d402b045614",,,"no","-","192.168.0.157","Participant 12","1","1","1","לא היה","No","No","No","No","No","Yes","","1","1","1","6","5","1","5","1","3","1","1","1","1","1","1","1","1","1","7",
"02/17/2025 05:19PM","02/17/2025 05:20PM","02/17/2025 05:00PM - 02/17/2025 11:00PM",60.655,"5","1","Finished","67ae0b1458056d402b045614",,,"no","-","192.168.0.157","Participant 12","1","1","1","לא היה ","No","No","No","No","No","Yes","","1","1","1","6","6","1","5","1","6","5","1","1","1","1","1","1","1","1","7",
"02/18/2025 05:06PM","02/18/2025 05:08PM","02/18/2025 05:00PM - 02/18/2025 11:00PM",70.652,"6","1","Finished","67ae0b1458056d402b045614",,,"no","-","192.168.0.157","Participant 12","1","1","1","לא היה ","No","No","No","No","No","Yes","","1","1","1","5","6","1","1","1","5","1","1","2","1","1","1","1","1","1","7",
"02/19/2025 05:31PM","02/19/2025 05:32PM","02/19/2025 05:00PM - 02/19/2025 11:00PM",56.181,"7","1","Finished","67ae0b1458056d402b045614",,,"no","-","192.168.0.157","Participant 12","1","1","1","לא היה","No","No","No","No","No","Yes","","1","1","1","5","5","1","5","5","5","3","1","1","1","1","1","1","1","1","7",
"02/20/2025 05:53PM","02/20/2025 05:55PM","02/20/2025 05:00PM - 02/20/2025 11:00PM",128.744,"8","1","Finished","67ae0b1458056d402b045614",,,"no","-","10.169.153.81","Participant 12","1","1","1","לא זוכר שהתעצבנתי היום","No","No","No","No","No","Yes","","2","5","2","3","5","3","6","6","5","6","1","1","4","2","2","3","2","1","6",
"03/04/2025 05:02PM","03/04/2025 05:05PM","03/04/2025 05:00PM - 03/04/2025 11:00PM",160.262,"2","1","Finished","67c5bb3e46dea88167dc5c41","0.0","0.0","no","-","10.0.0.10","Participant 13","6","6","5","חיפשתי סדרה הרבה מאוד זמן ולא מצאתי אותה בסוף","Yes","No","No","No","No","No","","1","1","1","5","5","1","5","1","6","6","1","5","1","1","1","5","6","5","1",
"03/05/2025 07:00PM","03/05/2025 07:03PM","03/05/2025 05:00PM - 03/05/2025 11:00PM",176.119,"3","1","Finished","67c5bb3e46dea88167dc5c41","0.0","0.0","no","-","2a06:c701:4273:1c00:81f6:f6cc:c10d:bde3","Participant 13","5","1","1","הלכנו לקנות תחפושות והיה שם משהו שחשבתי שיהיה מתאים לתחפושת אבל החברים פחות רצו אז נאלצנו לוותר ","No","No","No","No","No","Yes","","4","1","1","1","6","4","1","1","1","5","1","1","1","1","1","5","5","1","5",
"03/06/2025 06:11PM","03/06/2025 06:14PM","03/06/2025 05:00PM - 03/06/2025 11:00PM",142.409,"4","1","Finished","67c5bb3e46dea88167dc5c41","0.0","0.0","no","-","2001:40a8:7fd:6281:e926:9935:9d87:847b","Participant 13","5","1","1","שאחותי לא פתחה בהרכב בקבוצת הכדורגל ","No","No","No","No","No","Yes","","1","2","1","5","5","1","6","5","5","5","1","1","1","1","1","5","5","1","6",
"03/07/2025 06:04PM","03/07/2025 06:06PM","03/07/2025 05:00PM - 03/07/2025 11:00PM",96.926,"5","1","Finished","67c5bb3e46dea88167dc5c41","0.0","0.0","no","-","10.0.0.4","Participant 13","5","5","6","לא ניצחתי שמשחק פינגפונג","Yes","No","No","No","No","No","","1","1","5","1","4","1","5","1","5","4","1","1","4","1","4","4","1","1","6",
"03/08/2025 08:36PM","03/08/2025 08:38PM","03/08/2025 05:00PM - 03/08/2025 11:00PM",145.364,"6","1","Finished","67c5bb3e46dea88167dc5c41","0.0","0.0","no","-","2a06:c701:4273:1c00:4559:975d:2da4:922e","Participant 13","4","1","1","אמא שלי אמרה משהו שלא אהבתי","Yes","No","No","No","No","No","","1","6","1","5","5","1","5","6","5","5","1","5","5","1","1","1","5","1","5",
"03/09/2025 07:01PM","03/09/2025 07:03PM","03/09/2025 05:00PM - 03/09/2025 11:00PM",143.883,"7","1","Finished","67c5bb3e46dea88167dc5c41","0.0","0.0","no","-","2a06:c701:4273:1c00:e497:e77d:1547:f6f3","Participant 13","5","1","1","קיבלתי ציון ממש קרוב למאה והמורה לא עיגלה לי","No","No","No","No","No","Yes","","1","5","1","4","5","1","5","1","1","4","1","3","1","1","1","5","5","1","5",
"03/10/2025 07:42PM","03/10/2025 07:43PM","03/10/2025 05:00PM - 03/10/2025 11:00PM",102.688,"8","1","Finished","67c5bb3e46dea88167dc5c41","0.0","0.0","no","-","10.228.14.39","Participant 13","5","1","1","קיבלתי ציון לא טוב במבחן","Yes","No","No","No","No","No","","5","1","5","5","1","1","5","1","5","5","1","5","1","1","1","5","5","1","6",
"03/06/2025 06:38PM","03/06/2025 06:41PM","03/06/2025 05:00PM - 03/06/2025 11:00PM",221.848,"2","1","Finished","67acc2310d20b7dd4d0e1506",,,"no","-","192.168.68.105","Participant 14","1","5","1","האוטובוס איחר","No","No","No","No","No","Yes","","1","6","1","6","7","1","3","4","5","5","1","2","7","4","5","4","5","2","2",
"03/07/2025 07:56PM","03/07/2025 08:00PM","03/07/2025 05:00PM - 03/07/2025 11:00PM",216.19,"3","1","Finished","67acc2310d20b7dd4d0e1506",,,"no","-","192.168.68.105","Participant 14","7","6","3","הייתה לי תחרות אבל לא הלך לי טוב ","Yes","No","No","No","No","No","","7","7","6","3","6","7","7","7","7","5","6","3","5","2","7","6","6","6","5",
"03/08/2025 07:50PM","03/08/2025 07:55PM","03/08/2025 05:00PM - 03/08/2025 11:00PM",287.049,"4","1","Finished","67acc2310d20b7dd4d0e1506",,,"no","-","192.168.68.100","Participant 14","2","5","4","אחותי היא נודניקית צ׳אחלה וקוטרית שעושה דווקא כל הזמן","No","No","No","No","No","Yes","","5","3","5","2","4","6","3","3","4","3","3","5","4","1","4","5","5","5","5",
"03/09/2025 09:22PM","03/09/2025 09:30PM","03/09/2025 05:00PM - 03/09/2025 11:00PM",444.608,"5","1","Finished","67acc2310d20b7dd4d0e1506",,,"no","-","192.168.68.104","Participant 14","3","5","3","אחותי מאוד רצינית","No","No","No","No","No","Yes","","5","6","5","2","5","6","3","2","3","4","7","5","7","3","5","6","6","3","4",
"03/10/2025 09:28PM","03/10/2025 09:32PM","03/10/2025 05:00PM - 03/10/2025 11:00PM",185.668,"6","1","Finished","67acc2310d20b7dd4d0e1506",,,"no","-","192.168.68.103","Participant 14","3","5","1","לא הלך לי טוב באימון ","No","No","No","No","No","Yes","","6","7","5","2","4","4","5","3","5","1","5","3","5","2","2","5","6","2","6",
"03/11/2025 09:47PM","03/11/2025 09:50PM","03/11/2025 05:00PM - 03/11/2025 11:00PM",185.565,"7","1","Finished","67acc2310d20b7dd4d0e1506",,,"no","-","192.168.68.101","Participant 14","7","5","2","האוטובוס לא הגיע ואיחרתי לאימון","No","No","No","No","No","Yes","","5","5","2","2","3","6","2","3","5","4","5","2","6","3","4","3","5","5","6",
"03/12/2025 10:20PM","03/12/2025 10:27PM","03/12/2025 05:00PM - 03/12/2025 11:00PM",427.401,"8","1","Finished","67acc2310d20b7dd4d0e1506",,,"no","-","192.168.68.101","Participant 14","2","3","1","התחרות תחפושות בבית ספר הייתה מכורה","No","No","No","No","No","Yes","","1","7","4","6","5","3","2","6","3","2","4","3","6","3","2","5","5","5","7",
"03/12/2025 07:25PM","03/12/2025 07:28PM","03/12/2025 05:00PM - 03/12/2025 11:00PM",180.66,"2","1","Finished","67d0790946dea881674c20be","0.0","0.0","no","-","2a06:c701:746e:ec00:fc3e:c6e7:9639:38f3","Participant 15","1","2","1","לא היה","No","No","No","No","No","Yes","","3","5","1","4","7","3","5","1","2","3","1","1","3","4","2","3","2","1","5",
"03/14/2025 08:59PM","03/14/2025 09:02PM","03/14/2025 05:00PM - 03/14/2025 11:00PM",145.845,"4","1","Finished","67d0790946dea881674c20be","0.0","0.0","no","-","192.168.0.47","Participant 15","4","4","2","אבא ","Yes","No","No","No","No","No","","3","5","3","1","4","5","3","1","2","4","1","3","2","2","1","2","2","4","4",
"03/15/2025 10:59PM","03/15/2025 11:00PM","03/15/2025 05:00PM - 03/15/2025 11:00PM",48.513,"5","1","Auto Submitted","67d0790946dea881674c20be","0.0","0.0","no","-","192.168.0.47","Participant 15",,,,,,,,,,,,,,,,,,,,,,,,,,,,,,,
"03/16/2025 10:40PM","03/16/2025 10:41PM","03/16/2025 05:00PM - 03/16/2025 11:00PM",104.156,"6","1","Finished","67d0790946dea881674c20be","0.0","0.0","no","-","192.168.0.32","Participant 15","5","5","4","חבר שלי","No","No","No","No","No","Yes","","3","1","1","5","5","4","4","1","3","2","1","2","2","5","3","2","1","5","3",
"03/17/2025 07:46PM","03/17/2025 07:49PM","03/17/2025 05:00PM - 03/17/2025 11:00PM",194.933,"7","1","Finished","67d0790946dea881674c20be","0.0","0.0","no","-","10.100.102.134","Participant 15","3","4","1","לא היה","No","No","No","No","No","Yes","","1","1","1","4","4","3","1","1","1","1","1","3","4","2","3","2","2","3","5",
"03/18/2025 10:36PM","03/18/2025 10:38PM","03/18/2025 05:00PM - 03/18/2025 11:00PM",103.315,"8","1","Finished","67d0790946dea881674c20be","0.0","0.0","no","-","192.168.0.32","Participant 15","4","5","4","אין","Yes","No","No","No","No","No","","1","2","1","4","7","4","4","1","3","1","1","7","4","4","3","5","1","4","3",