﻿,,,,,,,,,,,,"Survey","Participant","Question 1","Question 2","Question 3","{{Q://Q4/ChoiceTextEntryValue}}","{{Q://Q5/ChoiceTextEntryValue}}.1","{{Q://Q5/ChoiceTextEntryValue}}.2","{{Q://Q5/ChoiceTextEntryValue}}.3","{{Q://Q5/ChoiceTextEntryValue}}.4","{{Q://Q5/ChoiceTextEntryValue}}.5","{{Q://Q5/ChoiceTextEntryValue}}.6","{{Q://Q5/ChoiceTextEntryValue}}.7","Question 6","Question 7","Question 8","Question 9","Question 10","Question 11","Question 12","Question 13","Question 14","Question 15","Question 16","Question 17","Question 18","Question 19","Question 20","Question 21","Question 22","Question 23","Question 24","Question 25"
,,,,,,,,,,,,,"Question Text","מאז הסקר האחרון, כעסתי או התעצבנתי כשדברים קרו לא כמו שרציתי","מאז הסקר האחרון, הרגשתי מתוסכל","ברגע זה, אני מרגיש מרוגז או כועס","  תן דוגמה למשהו שעצבן אותך היום (אפשר גם להקליט תשובה)",":מאז הסקר האחרון, התפרצתי בכעס באחת או יותר מהדרכים הבאות",":מאז הסקר האחרון, התפרצתי בכעס באחת או יותר מהדרכים הבאות",":מאז הסקר האחרון, התפרצתי בכעס באחת או יותר מהדרכים הבאות",":מאז הסקר האחרון, התפרצתי בכעס באחת או יותר מהדרכים הבאות",":מאז הסקר האחרון, התפרצתי בכעס באחת או יותר מהדרכים הבאות",":מאז הסקר האחרון, התפרצתי בכעס באחת או יותר מהדרכים הבאות",":מאז הסקר האחרון, התפרצתי בכעס באחת או יותר מהדרכים הבאות","מאז הסקר האחרון, עצבנתי את אמא שלי","היום אמא שלי עזרה לי במשהו (כמו הקפצה לחוג/תנועת נוער, עזרה בשיעורי בית וכו')","מאז הסקר האחרון, אמא שלי התעצבנה או צעקה עליי","מאז הסקר האחרון, אמא שלי הסכימה לכל מה שרציתי","מאז הסקר האחרון, אמא שלי הייתה סבלנית כלפיי","מאז הסקר האחרון, אמא שלי העבירה עליי ביקורת","היום אמא שלי דיברה איתי על החברים שלי או על היום שלי","היום אני ואמא שלי בילינו זמן כיף ביחד","מאז הסקר האחרון, אמא שלי החמיאה לי כשעשיתי משהו בצורה טובה","מאז הסקר האחרון, שיתפתי את אמא שלי ברגשות/תחושות שלי (שאני שמח / עצוב / כועס / עצבני / שקרה לי משהו מרגש היום)","מאז הסקר האחרון, אמא שלי איימה להעניש אותי אבל לא עשתה זאת","ברגע זה, אני מרגיש חסר מנוחה","מאז הסקר האחרון, דעתי הוסחה בקלות","ברגע זה, אני מרגיש פחד או לחץ","מאז הסקר האחרון, הרגשתי מודאג או מפוחד","מאז הסקר האחרון, יצא שאמרתי את הדבר הראשון שעלה לי לראש מבלי לעצור ולחשוב","מאז הסקר האחרון, היה לי קשה להפסיק לעשות משהו אחרי שביקשו ממני להפסיק (לדוגמה כשמורים מבקשים ממני להפסיק לדבר בכיתה או כשאמא מבקשת ממני להפסיק להיות מול המסך)","מאז הסקר האחרון, הרגשתי עצוב או מדוכא","ברגע ,זה אני מרגיש טוב","! מזכירים לשחק גם במשחק"
,,,,,,,,,,,,,"Response Type","Scale","Scale","Scale","Text","Multiple selection","Multiple selection","Multiple selection","Multiple selection","Multiple selection","Multiple selection","Multiple selection","Scale","Scale","Scale","Scale","Scale","Scale","Scale","Scale","Scale","Scale","Scale","Scale","Scale","Scale","Scale","Scale","Scale","Scale","Scale","Instruction"
"Start Date","End Date","Time Scheduled","Duration (in seconds)","Day of Survey","Occasion within Day","Finished","Participant ID","Location - Lat","Location - Long","No Login","Group Code","ip address","Choices","[ start_point_label = 'בכלל לא', middle_point_label = 'במידה בינונית', end_point_label = 'במידה רבה מאוד',  ]","[ start_point_label = 'בכלל לא', middle_point_label = 'במידה בינונית', end_point_label = 'במידה רבה מאוד',  ]","[ start_point_label = 'בכלל לא', middle_point_label = 'במידה בינונית', end_point_label = 'במידה רבה מאוד',  ]",,"[ צעקתי ]","[ טרקתי דלת ]","[ זרקתי משהו ]","[ זרקתי משהו על מישהו ]","[ הרבצתי ]","[ לא התפרצתי בכעס ]","[ התפרצתי בכעס בצורה אחרת (בבקשה לפרט) ]","[ start_point_label = 'בכלל לא', middle_point_label = 'במידה בינונית', end_point_label = 'במידה רבה מאוד',  ]","[ start_point_label = 'בכלל לא', middle_point_label = 'במידה בינונית', end_point_label = 'במידה רבה מאוד',  ]","[ start_point_label = 'בכלל לא', middle_point_label = 'במידה בינונית', end_point_label = 'במידה רבה מאוד',  ]","[ start_point_label = 'בכלל לא', middle_point_label = 'במידה בינונית', end_point_label = 'במידה רבה מאוד',  ]","[ start_point_label = 'בכלל לא', middle_point_label = 'במידה בינונית', end_point_label = 'במידה רבה מאוד',  ]","[ start_point_label = 'בכלל לא', middle_point_label = 'במידה בינונית', end_point_label = 'במידה רבה מאוד',  ]","[ start_point_label = 'בכלל לא', middle_point_label = 'במידה בינונית', end_point_label = 'במידה רבה מאוד',  ]","[ start_point_label = 'בכלל לא', middle_point_label = 'במידה בינונית', end_point_label = 'במידה רבה מאוד',  ]","[ start_point_label = 'בכלל לא', middle_point_label = 'במידה בינונית', end_point_label = 'במידה רבה מאוד',  ]","[ start_point_label = 'בכלל לא', middle_point_label = 'במידה בינונית', end_point_label = 'במידה רבה מאוד',  ]","[ start_point_label = 'בכלל לא', middle_point_label = 'במידה בינונית', end_point_label = 'במידה רבה מאוד',  ]","[ start_point_label = 'בכלל לא', middle_point_label = 'במידה בינונית', end_point_label = 'במידה רבה מאוד',  ]","[ start_point_label = 'בכלל לא', middle_point_label = 'במידה בינונית', end_point_label = 'במידה רבה מאוד',  ]","[ start_point_label = 'בכלל לא', middle_point_label = 'במידה בינונית', end_point_label = 'במידה רבה מאוד',  ]","[ start_point_label = 'בכלל לא', middle_point_label = 'במידה בינונית', end_point_label = 'במידה רבה מאוד',  ]","[ start_point_label = 'בכלל לא', middle_point_label = 'במידה בינונית', end_point_label = 'במידה רבה מאוד',  ]","[ start_point_label = 'בכלל לא', middle_point_label = 'במידה בינונית', end_point_label = 'במידה רבה מאוד',  ]","[ start_point_label = 'בכלל לא', middle_point_label = 'במידה בינונית', end_point_label = 'במידה רבה מאוד',  ]","[ start_point_label = 'בכלל לא', middle_point_label = 'במידה בינונית', end_point_label = 'במידה רבה מאוד',  ]",
"11/30/2024 05:18PM","11/30/2024 05:41PM","11/30/2024 05:00PM - 11/30/2024 11:00PM",1336.159,"2","1","Finished","67484f957c2f821e9bbc4ada",,,"no","-","192.168.1.230","Participant 3","3","3","7","התוכי שלי זהזו חירבן לי על
סקיטבורד שלי","No","No","No","No","No","Yes","","1","2","2","1","1","1","5","7","1","1","1","6","1","1","1","7","1","4","7",
"12/01/2024 05:57PM","12/01/2024 06:03PM","12/01/2024 05:00PM - 12/01/2024 11:00PM",318.464,"3","1","Finished","67484f957c2f821e9bbc4ada",,,"no","-","192.168.1.230","Participant 3","4","4","4","זחיתי מכום 5 באתגר הדילגית בדקה","No","No","No","No","No","Yes","","3","4","2","3","2","5","4","3","7","3","2","1","2","1","2","1","1","1","2",
"12/03/2024 09:34PM","12/03/2024 09:38PM","12/03/2024 05:00PM - 12/03/2024 11:00PM",236.298,"5","1","Finished","67484f957c2f821e9bbc4ada",,,"no","-","10.0.0.12","Participant 3","2","2","4","שלא זכיתי בחוג פינפונג","No","No","No","No","No","No","שתקתי ואמתי לעצמי משהו","2","5","4","4","3","7","3","4","6","2","6","2","4","5","6","1","2","4","1",
"12/04/2024 09:48PM","12/04/2024 09:50PM","12/04/2024 05:00PM - 12/04/2024 11:00PM",105.317,"6","1","Finished","67484f957c2f821e9bbc4ada",,,"no","-","192.168.1.230","Participant 3","3","2","3","ישר כשיתאתי מבית נספר  התעצבנה עליי","No","No","No","No","No","Yes","","5","5","5","2","4","4","4","3","4","3","2","2","5","2","2","4","3","2","5",
"12/05/2024 08:28PM","12/05/2024 08:31PM","12/05/2024 05:00PM - 12/05/2024 11:00PM",207.21,"7","1","Finished","67484f957c2f821e9bbc4ada",,,"no","-","192.168.1.230","Participant 3","1","1","2","אבא צעק אליי","No","No","No","No","No","No","בכייתי","6","1","3","1","1","6","4","7","3","2","7","1","1","2","2","1","1","1","1",
"12/06/2024 06:31PM","12/06/2024 06:32PM","12/06/2024 05:00PM - 12/06/2024 11:00PM",79.839,"8","1","Finished","67484f957c2f821e9bbc4ada",,,"no","-","10.0.0.12","Participant 3","1","1","1","סבא","No","No","Yes","No","No","No","","1","1","1","1","1","1","1","1","1","1","1","1","1","1","1","1","1","1","1",
"12/05/2024 05:02PM","12/05/2024 05:05PM","12/05/2024 05:00PM - 12/05/2024 11:00PM",199.072,"2","1","Finished","67508f84dc3d69e45537faeb","0.0","0.0","no","-","2a00:a041:7860:3400:e91d:6af9:7cdd:c1fa","Participant 4","2","1","1","שאמא שלי עובדת כל היום","No","No","No","No","No","Yes","","1","5","1","3","7","1","6","3","5","6","2","1","2","1","1","2","1","1","7",
"12/06/2024 05:00PM","12/06/2024 05:02PM","12/06/2024 05:00PM - 12/06/2024 11:00PM",124.044,"3","1","Finished","67508f84dc3d69e45537faeb","0.0","0.0","no","-","2a00:a041:7860:3400::2","Participant 4","6","6","1","אח שלי הציק לי היום","Yes","Yes","No","No","No","No","","7","1","6","4","5","7","2","4","5","5","1","4","6","1","1","5","3","5","7",
"12/07/2024 05:00PM","12/07/2024 05:02PM","12/07/2024 05:00PM - 12/07/2024 11:00PM",134.023,"4","1","Finished","67508f84dc3d69e45537faeb","0.0","0.0","no","-","10.26.119.224","Participant 4","1","1","1","לא היה","No","No","No","No","No","Yes","","1","5","1","5","7","1","3","7","7","6","1","1","1","1","1","1","5","1","7",
"12/08/2024 07:22PM","12/08/2024 07:25PM","12/08/2024 05:00PM - 12/08/2024 11:00PM",142.04,"5","1","Finished","67508f84dc3d69e45537faeb","0.0","0.0","no","-","192.168.1.26","Participant 4","1","1","1","שלא יכלתי ללכת לאימון ","No","No","No","No","No","Yes","","1","3","1","4","7","1","2","1","7","4","1","1","2","1","1","1","1","1","7",
"12/09/2024 08:49PM","12/09/2024 08:51PM","12/09/2024 05:00PM - 12/09/2024 11:00PM",108.413,"6","1","Finished","67508f84dc3d69e45537faeb","0.0","0.0","no","-","2a00:a041:7860:3400::2","Participant 4","6","1","5","לא יכולתי ללכת לאימון בגלל מתיחה","No","No","No","No","No","Yes","","1","1","1","5","5","1","4","1","5","3","1","1","1","1","1","5","2","1","7",
"12/10/2024 08:54PM","12/10/2024 08:55PM","12/10/2024 05:00PM - 12/10/2024 11:00PM",61.783,"7","1","Finished","67508f84dc3d69e45537faeb","0.0","0.0","no","-","2a00:a041:7860:3400::2","Participant 4","1","1","1","כואב לי השריר ","No","No","No","No","No","Yes","","1","4","1","2","5","2","6","4","7","6","1","1","1","1","1","1","1","1","7",
"12/11/2024 05:03PM","12/11/2024 05:06PM","12/11/2024 05:00PM - 12/11/2024 11:00PM",187.176,"8","1","Finished","67508f84dc3d69e45537faeb","0.0","0.0","no","-","192.168.1.26","Participant 4","6","6","7","אח שלי היה הרבה זמן במסכים ורציתי שהוא ישחק קצת במשחקים ולא רק בטלפון אז קראתי לו ואז הוא צעק עליי שלא אכפת לו ממני וכזה אז אמא שלי אמרה לי לעזוב אותו ואז הוא צעק עליי ","No","No","No","No","No","No","כעסתי מאוד ","6","1","7","1","5","7","6","7","5","5","4","5","5","1","2","7","5","5","3",
"12/23/2024 07:01PM","12/23/2024 07:04PM","12/23/2024 05:00PM - 12/23/2024 11:00PM",222.883,"2","1","Finished","67682e319e4c11f7e1e4cd41","0.0","0.0","no","-","192.168.1.159","Participant 5","1","1","1","אין","No","No","No","No","No","Yes","","1","7","1","3","7","1","5","1","5","1","1","1","1","1","4","4","1","1","7",
"12/24/2024 05:08PM","12/24/2024 05:10PM","12/24/2024 05:00PM - 12/24/2024 11:00PM",144.961,"3","1","Finished","67682e319e4c11f7e1e4cd41","0.0","0.0","no","-","2a0d:6fc2:4b11:6200:f9aa:e2ca:8af:d1c5","Participant 5","1","1","1","אין","No","No","No","No","No","Yes","","1","1","1","6","4","1","1","1","1","1","1","1","1","1","1","1","1","1","6",
"12/25/2024 05:36PM","12/25/2024 05:38PM","12/25/2024 05:00PM - 12/25/2024 11:00PM",125.009,"4","1","Finished","67682e319e4c11f7e1e4cd41","0.0","0.0","no","-","2a0d:6fc2:4b11:6200:6d4e:b721:1083:9a1c","Participant 5","1","1","1","אין","No","No","No","No","No","Yes","","1","1","1","5","3","1","1","1","6","5","1","1","5","6","6","1","1","1","5",
"12/26/2024 05:45PM","12/26/2024 05:48PM","12/26/2024 05:00PM - 12/26/2024 11:00PM",140.039,"5","1","Finished","67682e319e4c11f7e1e4cd41","0.0","0.0","no","-","2a0d:6fc7:504:f90e:eccf:89fb:1193:c5d1","Participant 5","1","5","1","אין","No","No","No","No","No","Yes","","1","1","1","6","5","1","5","1","5","1","1","1","1","1","6","1","1","1","7",
"12/27/2024 07:58PM","12/27/2024 08:00PM","12/27/2024 05:00PM - 12/27/2024 11:00PM",113.78,"6","1","Finished","67682e319e4c11f7e1e4cd41","0.0","0.0","no","-","192.168.1.159","Participant 5","4","1","5","אין","No","No","No","No","No","Yes","","1","1","1","7","5","1","1","1","1","1","1","1","1","1","1","1","1","1","6",
"12/28/2024 05:12PM","12/28/2024 05:14PM","12/28/2024 05:00PM - 12/28/2024 11:00PM",113.126,"7","1","Finished","67682e319e4c11f7e1e4cd41","0.0","0.0","no","-","2a0d:6fc2:4b11:6200:a806:c03c:ca8b:8013","Participant 5","1","1","1","אין","No","No","No","No","No","Yes","","1","1","1","2","4","1","5","1","5","1","1","1","1","1","1","1","1","1","4",
"12/29/2024 07:00PM","12/29/2024 07:02PM","12/29/2024 05:00PM - 12/29/2024 11:00PM",122.82,"8","1","Finished","67682e319e4c11f7e1e4cd41","0.0","0.0","no","-","192.168.1.159","Participant 5","1","1","1","אין","No","No","No","No","No","Yes","","1","4","1","5","5","2","4","2","7","1","2","1","1","1","1","1","1","1","5",
"12/26/2024 09:36PM","12/26/2024 09:39PM","12/26/2024 05:00PM - 12/26/2024 11:00PM",195.246,"2","1","Finished","676683b79e4c11f7e1e1b0ab",,,"no","-","10.100.102.5","Participant 6","1","1","1","כלום","No","No","No","No","No","Yes","","1","1","1","1","7","1","1","1","6","1","1","1","1","1","1","1","1","1","7",
"12/27/2024 05:12PM","12/27/2024 05:14PM","12/27/2024 05:00PM - 12/27/2024 11:00PM",115.482,"3","1","Finished","676683b79e4c11f7e1e1b0ab",,,"no","-","10.100.102.9","Participant 6","1","1","1","כלום","No","No","No","No","No","Yes","","1","1","1","1","7","1","1","1","1","1","1","1","1","1","1","1","5","1","7",
"12/28/2024 05:57PM","12/28/2024 06:00PM","12/28/2024 05:00PM - 12/28/2024 11:00PM",199.215,"4","1","Finished","676683b79e4c11f7e1e1b0ab",,,"no","-","10.100.102.9","Participant 6","1","1","1","כלום","No","No","No","No","No","Yes","","1","1","1","5","7","1","1","1","1","1","1","2","1","1","1","1","3","1","6",
"12/29/2024 08:09PM","12/29/2024 08:12PM","12/29/2024 05:00PM - 12/29/2024 11:00PM",178.52,"5","1","Finished","676683b79e4c11f7e1e1b0ab",,,"no","-","10.100.102.9","Participant 6","1","1","1","כלום","No","No","No","No","No","Yes","","1","3","1","2","7","1","6","7","1","1","5","1","1","1","1","1","1","1","7",
"12/30/2024 06:57PM","12/30/2024 07:00PM","12/30/2024 05:00PM - 12/30/2024 11:00PM",162.368,"6","1","Finished","676683b79e4c11f7e1e1b0ab",,,"no","-","10.100.102.140","Participant 6","1","1","1","כלום","No","No","No","No","No","Yes","","1","6","1","3","7","1","3","7","5","1","1","1","1","1","1","1","1","1","7",
"12/31/2024 07:25PM","12/31/2024 07:26PM","12/31/2024 05:00PM - 12/31/2024 11:00PM",101.183,"7","1","Finished","676683b79e4c11f7e1e1b0ab",,,"no","-","10.78.91.66","Participant 6","1","1","1","כלום","No","No","No","No","No","Yes","","1","1","1","6","7","1","1","7","6","1","1","1","1","1","1","1","1","1","7",
"01/01/2025 07:08PM","01/01/2025 07:09PM","01/01/2025 05:00PM - 01/01/2025 11:00PM",78.615,"8","1","Finished","676683b79e4c11f7e1e1b0ab",,,"no","-","10.42.128.33","Participant 6","1","1","1","כלום","No","No","No","No","No","Yes","","1","1","1","5","6","1","1","7","6","1","1","1","1","1","1","1","1","1","7",
"01/02/2025 06:43PM","01/02/2025 06:47PM","01/02/2025 05:00PM - 01/02/2025 11:00PM",251.538,"2","1","Finished","67755e53c6a0e6121dcea6f4",,,"no","-","100.97.14.207","Participant 7","2","1","1","שהיום בלילה משהו עשה קריוקי ולא נתן לי לישון","No","No","No","No","No","Yes","","1","1","1","7","7","1","2","1","1","1","1","1","2","1","1","5","1","1","6",
"01/03/2025 07:05PM","01/03/2025 07:09PM","01/03/2025 05:00PM - 01/03/2025 11:00PM",235.863,"3","1","Finished","67755e53c6a0e6121dcea6f4",,,"no","-","192.168.1.192","Participant 7","1","1","1","אחרי שהייתה אזעקה בארבע בבוקר רציתי לחזור לישון ואבא שלי דיבר בקול רם אז טרקתי את הדלת שלי","No","Yes","No","No","No","No","","2","1","2","4","4","2","1","6","2","1","1","2","3","1","1","4","2","1","7",
"01/04/2025 05:53PM","01/04/2025 06:02PM","01/04/2025 05:00PM - 01/04/2025 11:00PM",488.991,"4","1","Finished","67755e53c6a0e6121dcea6f4",,,"no","-","100.96.189.65","Participant 7","1","1","1","כלום ","No","No","No","No","No","Yes","","1","6","1","7","6","1","7","2","2","1","1","1","3","1","1","4","1","1","7",
"01/05/2025 05:35PM","01/05/2025 05:37PM","01/05/2025 05:00PM - 01/05/2025 11:00PM",141.93,"5","1","Finished","67755e53c6a0e6121dcea6f4",,,"no","-","100.96.189.65","Participant 7","1","1","1","כלום ","No","No","No","No","No","Yes","","1","1","1","5","6","1","3","4","1","1","1","2","3","1","1","4","1","1","5",
"01/06/2025 10:10PM","01/06/2025 10:13PM","01/06/2025 05:00PM - 01/06/2025 11:00PM",161.004,"6","1","Finished","67755e53c6a0e6121dcea6f4",,,"no","-","100.96.96.139","Participant 7","2","1","1","כלום ","No","No","No","No","No","Yes","","1","1","1","6","5","1","7","1","6","6","1","1","4","1","1","5","2","1","7",
"01/07/2025 07:44PM","01/07/2025 07:47PM","01/07/2025 05:00PM - 01/07/2025 11:00PM",177.144,"7","1","Finished","67755e53c6a0e6121dcea6f4",,,"no","-","100.104.111.92","Participant 7","5","1","1","היום ניגנתי עם הלהקה שלי והם לא שיתפו פעולה ","Yes","No","No","No","No","No","","1","1","1","6","7","1","6","1","1","1","1","1","5","1","1","6","3","1","6",
"01/08/2025 06:19PM","01/08/2025 06:20PM","01/08/2025 05:00PM - 01/08/2025 11:00PM",92.825,"8","1","Finished","67755e53c6a0e6121dcea6f4",,,"no","-","100.104.111.92","Participant 7","1","1","1","כלום ","No","No","No","No","No","Yes","","1","1","1","4","5","1","6","1","2","2","1","1","4","1","1","4","3","1","5",
"01/07/2025 05:00PM","01/07/2025 05:03PM","01/07/2025 05:00PM - 01/07/2025 11:00PM",176.557,"2","1","Finished","677bd99b92b3eb66e2129f7c","0.0","0.0","no","-","10.100.102.46","Participant 8","1","1","1","משמרות זהב","No","No","No","No","No","Yes","","1","5","1","1","3","3","5","5","1","4","4","1","3","1","1","1","1","1","4",
"01/08/2025 09:04PM","01/08/2025 09:06PM","01/08/2025 05:00PM - 01/08/2025 11:00PM",121.545,"3","1","Finished","677bd99b92b3eb66e2129f7c","0.0","0.0","no","-","10.100.102.46","Participant 8","1","1","1","בית ספר","No","No","No","No","No","Yes","","1","1","1","1","5","1","3","5","5","1","1","7","3","1","1","1","2","1","4",
"01/09/2025 07:23PM","01/09/2025 07:26PM","01/09/2025 05:00PM - 01/09/2025 11:00PM",146.58,"4","1","Finished","677bd99b92b3eb66e2129f7c","0.0","0.0","no","-","10.100.102.46","Participant 8","1","1","5","ףףבית ספר","No","No","No","No","No","Yes","","2","3","5","1","2","5","2","1","1","3","1","1","1","1","1","1","1","1","3",
"01/10/2025 05:00PM","01/10/2025 05:02PM","01/10/2025 05:00PM - 01/10/2025 11:00PM",105.846,"5","1","Finished","677bd99b92b3eb66e2129f7c","0.0","0.0","no","-","10.100.102.46","Participant 8","5","1","1","בית ספר","Yes","No","No","No","No","No","","1","1","1","1","4","1","4","1","1","5","1","1","1","1","1","1","1","1","5",
"01/11/2025 07:01PM","01/11/2025 07:02PM","01/11/2025 05:00PM - 01/11/2025 11:00PM",72.465,"6","1","Finished","677bd99b92b3eb66e2129f7c","0.0","0.0","no","-","fd58:1210:8b06:3d4a:107f:a227:e54b:8ac8","Participant 8","1","1","1","מתמטיקה","No","No","No","No","No","Yes","","1","1","1","1","4","1","1","5","1","1","1","1","1","1","1","1","1","1","4",
"01/12/2025 05:03PM","01/12/2025 05:04PM","01/12/2025 05:00PM - 01/12/2025 11:00PM",76.197,"7","1","Finished","677bd99b92b3eb66e2129f7c","0.0","0.0","no","-","10.100.102.46","Participant 8","1","1","1","ללימוד","Yes","No","No","No","No","No","","1","1","1","1","4","1","1","3","1","3","1","1","1","1","1","1","1","1","4",
"01/13/2025 10:09PM","01/13/2025 10:10PM","01/13/2025 05:00PM - 01/13/2025 11:00PM",87.156,"8","1","Finished","677bd99b92b3eb66e2129f7c","0.0","0.0","no","-","fd58:1210:8b06:3d4a:107f:a227:e54b:8ac8","Participant 8","1","1","1","דחייה מבחן","No","No","No","No","No","Yes","","1","4","1","1","5","1","1","4","5","4","1","1","1","1","1","1","1","1","4",
"01/21/2025 09:31PM","01/21/2025 09:34PM","01/21/2025 05:00PM - 01/21/2025 11:00PM",201.198,"2","1","Finished","678d3c0658adab1eb937475c","0.0","0.0","no","-","192.168.7.14","Participant 9","1","1","1","שמזלזלים בי","No","No","No","No","No","Yes","","1","5","1","7","4","2","1","7","4","1","1","1","1","4","4","1","1","1","7",
"01/22/2025 10:03PM","01/22/2025 10:05PM","01/22/2025 05:00PM - 01/22/2025 11:00PM",160.89,"3","1","Finished","678d3c0658adab1eb937475c","0.0","0.0","no","-","2a05:bb80:34:e591:e868:2e6e:9cf7:c03","Participant 9","1","1","1","לא עצבן כלום","No","No","No","No","No","Yes","","2","5","3","1","5","2","1","1","1","3","2","1","1","1","1","1","1","1","5",
"01/23/2025 08:14PM","01/23/2025 08:17PM","01/23/2025 05:00PM - 01/23/2025 11:00PM",179.139,"4","1","Finished","678d3c0658adab1eb937475c","0.0","0.0","no","-","100.84.71.47","Participant 9","1","1","1","אין","No","No","No","No","No","Yes","","1","3","1","7","5","2","1","1","5","1","1","1","1","1","1","1","1","3","7",
"01/24/2025 09:10PM","01/24/2025 09:11PM","01/24/2025 05:00PM - 01/24/2025 11:00PM",81.65,"5","1","Finished","678d3c0658adab1eb937475c","0.0","0.0","no","-","100.84.71.47","Participant 9","1","1","1","אח שלי","No","No","No","No","No","Yes","","1","1","1","7","1","1","1","1","7","1","1","1","1","4","1","1","1","1","7",
"01/25/2025 09:30PM","01/25/2025 09:32PM","01/25/2025 05:00PM - 01/25/2025 11:00PM",92.525,"6","1","Finished","678d3c0658adab1eb937475c","0.0","0.0","no","-","100.84.94.20","Participant 9","5","1","1",,"No","No","No","No","No","Yes","","1","6","1","7","1","1","1","7","7","1","1","1","1","1","1","1","1","1","7",
"01/26/2025 09:49PM","01/26/2025 09:50PM","01/26/2025 05:00PM - 01/26/2025 11:00PM",70.987,"7","1","Finished","678d3c0658adab1eb937475c","0.0","0.0","no","-","100.84.125.109","Participant 9","1","1","1","אין","No","No","No","No","No","Yes","","1","1","1","3","6","1","1","1","6","1","1","3","1","1","1","1","1","1","7",
"01/27/2025 09:00PM","01/27/2025 09:01PM","01/27/2025 05:00PM - 01/27/2025 11:00PM",69.066,"8","1","Finished","678d3c0658adab1eb937475c","0.0","0.0","no","-","100.84.125.109","Participant 9","1","1","1","אין ","No","No","No","No","No","Yes","","1","1","1","1","6","1","1","6","6","1","1","3","2","1","1","1","5","1","7",
"01/28/2025 07:28PM","01/28/2025 07:30PM","01/28/2025 05:00PM - 01/28/2025 11:00PM",126.785,"2","1","Finished","67978e6694c0c6f78b59371d",,,"no","-","192.168.1.145","Participant 10","5","4","3","מבחן","No","No","No","No","No","Yes","","5","1","2","7","7","1","7","7","7","7","1","1","1","1","1","1","1","1","7",
"01/29/2025 06:12PM","01/29/2025 06:14PM","01/29/2025 05:00PM - 01/29/2025 11:00PM",140.649,"3","1","Finished","67978e6694c0c6f78b59371d",,,"no","-","192.168.1.145","Participant 10","1","1","1","לא התעצבנתי היום","No","No","No","No","No","Yes","","3","7","1","7","7","1","7","5","7","7","1","1","1","1","1","1","1","1","7",
"01/30/2025 10:34PM","01/30/2025 10:36PM","01/30/2025 05:00PM - 01/30/2025 11:00PM",117.354,"4","1","Finished","67978e6694c0c6f78b59371d",,,"no","-","192.168.1.145","Participant 10","1","1","1","עייפות","No","No","No","No","No","Yes","","1","1","1","7","7","1","7","1","7","7","1","1","1","1","1","1","1","1","7",
"01/31/2025 08:51PM","01/31/2025 08:54PM","01/31/2025 05:00PM - 01/31/2025 11:00PM",212.243,"5","1","Finished","67978e6694c0c6f78b59371d",,,"no","-","192.168.1.145","Participant 10","3","1","1","כמעט איחרתי לנסיעה","No","No","No","No","No","Yes","","1","5","1","7","7","1","7","5","7","7","1","1","1","1","1","1","1","1","7",
"02/01/2025 07:23PM","02/01/2025 07:24PM","02/01/2025 05:00PM - 02/01/2025 11:00PM",100.39,"6","1","Finished","67978e6694c0c6f78b59371d",,,"no","-","192.168.1.145","Participant 10","4","1","1","לימודים","Yes","No","No","No","No","No","","4","4","4","7","7","1","7","6","7","7","1","1","1","1","1","1","5","1","7",
"02/02/2025 07:21PM","02/02/2025 07:25PM","02/02/2025 05:00PM - 02/02/2025 11:00PM",213.615,"7","1","Finished","67978e6694c0c6f78b59371d",,,"no","-","192.168.1.145","Participant 10","5","2","2","היה לי קשה להירדם","No","No","No","No","No","Yes","","5","4","2","7","7","3","5","3","6","6","1","2","3","1","2","5","5","1","6",
"02/03/2025 06:52PM","02/03/2025 06:54PM","02/03/2025 05:00PM - 02/03/2025 11:00PM",127.454,"8","1","Finished","67978e6694c0c6f78b59371d",,,"no","-","192.168.1.145","Participant 10","4","1","1","לימודים","Yes","No","No","No","No","No","","4","5","5","7","7","3","6","5","6","6","1","1","4","1","1","1","3","1","7",
"02/10/2025 08:36PM","02/10/2025 08:38PM","02/10/2025 05:00PM - 02/10/2025 11:00PM",136.083,"2","1","Finished","67a732e893e9af3878fe7867",,,"no","-","192.168.68.62","Participant 11","3","4","2","עשיתי מבחן, והוא הלך טוב אבל הוא היה קצת כאב ראש...","No","No","No","No","No","Yes","","1","7","1","5","5","3","7","7","6","6","1","1","2","1","3","2","1","1","6",
"02/11/2025 08:09PM","02/11/2025 08:14PM","02/11/2025 05:00PM - 02/11/2025 11:00PM",266.494,"3","1","Finished","67a732e893e9af3878fe7867",,,"no","-","192.168.68.50","Participant 11","2","2","4","לא היה שום דבר שעצבן אותי","No","No","No","No","No","Yes","","1","2","1","2","3","1","1","1","1","1","1","5","3","2","1","1","2","2","3",
"02/12/2025 06:39PM","02/12/2025 06:41PM","02/12/2025 05:00PM - 02/12/2025 11:00PM",127.543,"4","1","Finished","67a732e893e9af3878fe7867",,,"no","-","192.168.68.50","Participant 11","1","1","1","לא הקשיבו לי בחוג","No","No","No","No","No","Yes","","1","3","1","3","4","1","2","1","3","1","1","2","2","1","1","1","1","1","5",
"02/13/2025 10:07PM","02/13/2025 10:08PM","02/13/2025 05:00PM - 02/13/2025 11:00PM",86.358,"5","1","Finished","67a732e893e9af3878fe7867",,,"no","-","192.168.68.62","Participant 11","1","1","1","לא היה","No","No","No","No","No","Yes","","1","5","1","2","5","1","3","2","3","2","1","3","1","1","1","1","1","1","6",
"02/14/2025 06:03PM","02/14/2025 06:06PM","02/14/2025 05:00PM - 02/14/2025 11:00PM",181.167,"6","1","Finished","67a732e893e9af3878fe7867",,,"no","-","192.168.68.62","Participant 11","1","1","2","אין","No","No","No","No","No","Yes","","1","2","1","1","3","2","2","2","2","2","1","3","2","1","1","1","1","1","5",
"02/15/2025 05:58PM","02/15/2025 05:59PM","02/15/2025 05:00PM - 02/15/2025 11:00PM",78.541,"7","1","Finished","67a732e893e9af3878fe7867",,,"no","-","192.168.68.62","Participant 11","1","2","3","הספר שקראתי","No","No","No","No","No","Yes","","1","1","1","2","4","1","1","2","3","1","1","3","2","1","1","1","3","1","5",
"02/16/2025 07:53PM","02/16/2025 07:57PM","02/16/2025 05:00PM - 02/16/2025 11:00PM",192.808,"8","1","Finished","67a732e893e9af3878fe7867",,,"no","-","192.168.68.51","Participant 11","1","1","5","איו","No","No","No","No","No","Yes","","3","6","2","5","6","1","3","3","3","2","1","1","1","1","1","1","3","1","3",
"02/14/2025 05:10PM","02/14/2025 05:12PM","02/14/2025 05:00PM - 02/14/2025 11:00PM",118.249,"2","1","Finished","67ae0b1458056d402b045614",,,"no","-","192.168.0.157","Participant 12","2","1","1","רק משחקי מחשב","No","No","No","No","No","Yes","","1","3","1","1","4","1","2","5","1","1","1","1","1","1","1","1","1","1","5",
"02/15/2025 07:00PM","02/15/2025 07:01PM","02/15/2025 05:00PM - 02/15/2025 11:00PM",84.609,"3","1","Finished","67ae0b1458056d402b045614",,,"no","-","192.168.0.157","Participant 12","4","3","1","שנשברה לי משהו","Yes","Yes","No","No","No","No","","1","1","1","5","5","1","1","5","5","1","1","1","1","1","1","1","1","1","6",
"02/16/2025 05:30PM","02/16/2025 05:31PM","02/16/2025 05:00PM - 02/16/2025 11:00PM",67.969,"4","1","Finished","67ae0b1458056d402b045614",,,"no","-","192.168.0.157","Participant 12","1","1","1","לא היה","No","No","No","No","No","Yes","","1","1","1","6","5","1","5","1","3","1","1","1","1","1","1","1","1","1","7",
"02/17/2025 05:19PM","02/17/2025 05:20PM","02/17/2025 05:00PM - 02/17/2025 11:00PM",60.655,"5","1","Finished","67ae0b1458056d402b045614",,,"no","-","192.168.0.157","Participant 12","1","1","1","לא היה ","No","No","No","No","No","Yes","","1","1","1","6","6","1","5","1","6","5","1","1","1","1","1","1","1","1","7",
"02/18/2025 05:06PM","02/18/2025 05:08PM","02/18/2025 05:00PM - 02/18/2025 11:00PM",70.652,"6","1","Finished","67ae0b1458056d402b045614",,,"no","-","192.168.0.157","Participant 12","1","1","1","לא היה ","No","No","No","No","No","Yes","","1","1","1","5","6","1","1","1","5","1","1","2","1","1","1","1","1","1","7",
"02/19/2025 05:31PM","02/19/2025 05:32PM","02/19/2025 05:00PM - 02/19/2025 11:00PM",56.181,"7","1","Finished","67ae0b1458056d402b045614",,,"no","-","192.168.0.157","Participant 12","1","1","1","לא היה","No","No","No","No","No","Yes","","1","1","1","5","5","1","5","5","5","3","1","1","1","1","1","1","1","1","7",
"02/20/2025 05:53PM","02/20/2025 05:55PM","02/20/2025 05:00PM - 02/20/2025 11:00PM",128.744,"8","1","Finished","67ae0b1458056d402b045614",,,"no","-","10.169.153.81","Participant 12","1","1","1","לא זוכר שהתעצבנתי היום","No","No","No","No","No","Yes","","2","5","2","3","5","3","6","6","5","6","1","1","4","2","2","3","2","1","6",
"03/04/2025 05:02PM","03/04/2025 05:05PM","03/04/2025 05:00PM - 03/04/2025 11:00PM",160.262,"2","1","Finished","67c5bb3e46dea88167dc5c41","0.0","0.0","no","-","10.0.0.10","Participant 13","6","6","5","חיפשתי סדרה הרבה מאוד זמן ולא מצאתי אותה בסוף","Yes","No","No","No","No","No","","1","1","1","5","5","1","5","1","6","6","1","5","1","1","1","5","6","5","1",
"03/05/2025 07:00PM","03/05/2025 07:03PM","03/05/2025 05:00PM - 03/05/2025 11:00PM",176.119,"3","1","Finished","67c5bb3e46dea88167dc5c41","0.0","0.0","no","-","2a06:c701:4273:1c00:81f6:f6cc:c10d:bde3","Participant 13","5","1","1","הלכנו לקנות תחפושות והיה שם משהו שחשבתי שיהיה מתאים לתחפושת אבל החברים פחות רצו אז נאלצנו לוותר ","No","No","No","No","No","Yes","","4","1","1","1","6","4","1","1","1","5","1","1","1","1","1","5","5","1","5",
"03/06/2025 06:11PM","03/06/2025 06:14PM","03/06/2025 05:00PM - 03/06/2025 11:00PM",142.409,"4","1","Finished","67c5bb3e46dea88167dc5c41","0.0","0.0","no","-","2001:40a8:7fd:6281:e926:9935:9d87:847b","Participant 13","5","1","1","שאחותי לא פתחה בהרכב בקבוצת הכדורגל ","No","No","No","No","No","Yes","","1","2","1","5","5","1","6","5","5","5","1","1","1","1","1","5","5","1","6",
"03/07/2025 06:04PM","03/07/2025 06:06PM","03/07/2025 05:00PM - 03/07/2025 11:00PM",96.926,"5","1","Finished","67c5bb3e46dea88167dc5c41","0.0","0.0","no","-","10.0.0.4","Participant 13","5","5","6","לא ניצחתי שמשחק פינגפונג","Yes","No","No","No","No","No","","1","1","5","1","4","1","5","1","5","4","1","1","4","1","4","4","1","1","6",
"03/08/2025 08:36PM","03/08/2025 08:38PM","03/08/2025 05:00PM - 03/08/2025 11:00PM",145.364,"6","1","Finished","67c5bb3e46dea88167dc5c41","0.0","0.0","no","-","2a06:c701:4273:1c00:4559:975d:2da4:922e","Participant 13","4","1","1","אמא שלי אמרה משהו שלא אהבתי","Yes","No","No","No","No","No","","1","6","1","5","5","1","5","6","5","5","1","5","5","1","1","1","5","1","5",
"03/09/2025 07:01PM","03/09/2025 07:03PM","03/09/2025 05:00PM - 03/09/2025 11:00PM",143.883,"7","1","Finished","67c5bb3e46dea88167dc5c41","0.0","0.0","no","-","2a06:c701:4273:1c00:e497:e77d:1547:f6f3","Participant 13","5","1","1","קיבלתי ציון ממש קרוב למאה והמורה לא עיגלה לי","No","No","No","No","No","Yes","","1","5","1","4","5","1","5","1","1","4","1","3","1","1","1","5","5","1","5",
"03/10/2025 07:42PM","03/10/2025 07:43PM","03/10/2025 05:00PM - 03/10/2025 11:00PM",102.688,"8","1","Finished","67c5bb3e46dea88167dc5c41","0.0","0.0","no","-","10.228.14.39","Participant 13","5","1","1","קיבלתי ציון לא טוב במבחן","Yes","No","No","No","No","No","","5","1","5","5","1","1","5","1","5","5","1","5","1","1","1","5","5","1","6",
"03/06/2025 06:38PM","03/06/2025 06:41PM","03/06/2025 05:00PM - 03/06/2025 11:00PM",221.848,"2","1","Finished","67acc2310d20b7dd4d0e1506",,,"no","-","192.168.68.105","Participant 14","1","5","1","האוטובוס איחר","No","No","No","No","No","Yes","","1","6","1","6","7","1","3","4","5","5","1","2","7","4","5","4","5","2","2",
"03/07/2025 07:56PM","03/07/2025 08:00PM","03/07/2025 05:00PM - 03/07/2025 11:00PM",216.19,"3","1","Finished","67acc2310d20b7dd4d0e1506",,,"no","-","192.168.68.105","Participant 14","7","6","3","הייתה לי תחרות אבל לא הלך לי טוב ","Yes","No","No","No","No","No","","7","7","6","3","6","7","7","7","7","5","6","3","5","2","7","6","6","6","5",
"03/08/2025 07:50PM","03/08/2025 07:55PM","03/08/2025 05:00PM - 03/08/2025 11:00PM",287.049,"4","1","Finished","67acc2310d20b7dd4d0e1506",,,"no","-","192.168.68.100","Participant 14","2","5","4","אחותי היא נודניקית צ׳אחלה וקוטרית שעושה דווקא כל הזמן","No","No","No","No","No","Yes","","5","3","5","2","4","6","3","3","4","3","3","5","4","1","4","5","5","5","5",
"03/09/2025 09:22PM","03/09/2025 09:30PM","03/09/2025 05:00PM - 03/09/2025 11:00PM",444.608,"5","1","Finished","67acc2310d20b7dd4d0e1506",,,"no","-","192.168.68.104","Participant 14","3","5","3","אחותי מאוד רצינית","No","No","No","No","No","Yes","","5","6","5","2","5","6","3","2","3","4","7","5","7","3","5","6","6","3","4",
"03/10/2025 09:28PM","03/10/2025 09:32PM","03/10/2025 05:00PM - 03/10/2025 11:00PM",185.668,"6","1","Finished","67acc2310d20b7dd4d0e1506",,,"no","-","192.168.68.103","Participant 14","3","5","1","לא הלך לי טוב באימון ","No","No","No","No","No","Yes","","6","7","5","2","4","4","5","3","5","1","5","3","5","2","2","5","6","2","6",
"03/11/2025 09:47PM","03/11/2025 09:50PM","03/11/2025 05:00PM - 03/11/2025 11:00PM",185.565,"7","1","Finished","67acc2310d20b7dd4d0e1506",,,"no","-","192.168.68.101","Participant 14","7","5","2","האוטובוס לא הגיע ואיחרתי לאימון","No","No","No","No","No","Yes","","5","5","2","2","3","6","2","3","5","4","5","2","6","3","4","3","5","5","6",
"03/12/2025 10:20PM","03/12/2025 10:27PM","03/12/2025 05:00PM - 03/12/2025 11:00PM",427.401,"8","1","Finished","67acc2310d20b7dd4d0e1506",,,"no","-","192.168.68.101","Participant 14","2","3","1","התחרות תחפושות בבית ספר הייתה מכורה","No","No","No","No","No","Yes","","1","7","4","6","5","3","2","6","3","2","4","3","6","3","2","5","5","5","7",
"03/12/2025 07:25PM","03/12/2025 07:28PM","03/12/2025 05:00PM - 03/12/2025 11:00PM",180.66,"2","1","Finished","67d0790946dea881674c20be","0.0","0.0","no","-","2a06:c701:746e:ec00:fc3e:c6e7:9639:38f3","Participant 15","1","2","1","לא היה","No","No","No","No","No","Yes","","3","5","1","4","7","3","5","1","2","3","1","1","3","4","2","3","2","1","5",
"03/14/2025 08:59PM","03/14/2025 09:02PM","03/14/2025 05:00PM - 03/14/2025 11:00PM",145.845,"4","1","Finished","67d0790946dea881674c20be","0.0","0.0","no","-","192.168.0.47","Participant 15","4","4","2","אבא ","Yes","No","No","No","No","No","","3","5","3","1","4","5","3","1","2","4","1","3","2","2","1","2","2","4","4",
"03/15/2025 10:59PM","03/15/2025 11:00PM","03/15/2025 05:00PM - 03/15/2025 11:00PM",48.513,"5","1","Auto Submitted","67d0790946dea881674c20be","0.0","0.0","no","-","192.168.0.47","Participant 15",,,,,,,,,,,,,,,,,,,,,,,,,,,,,,,
"03/16/2025 10:40PM","03/16/2025 10:41PM","03/16/2025 05:00PM - 03/16/2025 11:00PM",104.156,"6","1","Finished","67d0790946dea881674c20be","0.0","0.0","no","-","192.168.0.32","Participant 15","5","5","4","חבר שלי","No","No","No","No","No","Yes","","3","1","1","5","5","4","4","1","3","2","1","2","2","5","3","2","1","5","3",
"03/17/2025 07:46PM","03/17/2025 07:49PM","03/17/2025 05:00PM - 03/17/2025 11:00PM",194.933,"7","1","Finished","67d0790946dea881674c20be","0.0","0.0","no","-","10.100.102.134","Participant 15","3","4","1","לא היה","No","No","No","No","No","Yes","","1","1","1","4","4","3","1","1","1","1","1","3","4","2","3","2","2","3","5",
"03/18/2025 10:36PM","03/18/2025 10:38PM","03/18/2025 05:00PM - 03/18/2025 11:00PM",103.315,"8","1","Finished","67d0790946dea881674c20be","0.0","0.0","no","-","192.168.0.32","Participant 15","4","5","4","אין","Yes","No","No","No","No","No","","1","2","1","4","7","4","4","1","3","1","1","7","4","4","3","5","1","4","3",
"03/21/2025 07:15PM","03/21/2025 07:25PM","03/21/2025 05:00PM - 03/21/2025 11:00PM",601.344,"2","1","Finished","67dc5abb4a8aee02c0147db3","0.0","0.0","no","-","10.100.102.12","Participant 16","6","1","1","לא התעצבנתי ","No","No","No","No","No","Yes","","1","5","1","5","6","4","1","1","6","5","1","5","2","1","1","5","5","5","7",
"03/22/2025 06:46PM","03/22/2025 06:50PM","03/22/2025 05:00PM - 03/22/2025 11:00PM",256.538,"3","1","Finished","67dc5abb4a8aee02c0147db3","0.0","0.0","no","-","10.100.102.3","Participant 16","5","1","1","‏שאח של ניתאי הרביץ לי","No","No","No","No","No","Yes","","1","5","5","1","1","5","5","1","6","1","1","1","6","1","1","6","6","1","7",
"03/23/2025 09:31PM","03/23/2025 09:35PM","03/23/2025 05:00PM - 03/23/2025 11:00PM",218.688,"4","1","Finished","67dc5abb4a8aee02c0147db3","0.0","0.0","no","-","10.100.102.3","Participant 16","7","1","5","‏שאיבדתי משהו","Yes","No","No","No","No","No","","1","5","1","1","5","3","2","4","5","5","1","5","2","1","1","5","1","1","1",
"03/24/2025 08:40PM","03/24/2025 08:49PM","03/24/2025 05:00PM - 03/24/2025 11:00PM",554.963,"5","1","Finished","67dc5abb4a8aee02c0147db3","0.0","0.0","no","-","10.100.102.3","Participant 16","5","1","2","לא  יתצבענתי","No","No","No","No","No","Yes","","2","5","1","1","1","5","5","1","6","5","1","1","2","1","1","6","1","1","6",
"03/25/2025 09:27PM","03/25/2025 09:34PM","03/25/2025 05:00PM - 03/25/2025 11:00PM",405.544,"6","1","Finished","67dc5abb4a8aee02c0147db3","0.0","0.0","no","-","10.100.102.3","Participant 16","5","5","2","‏שהפסדתי במשחק כדורסל שלי","Yes","No","No","No","No","No","","1","4","1","4","1","1","1","1","5","1","1","1","2","1","4","5","2","5","5",
"03/26/2025 07:21PM","03/26/2025 07:29PM","03/26/2025 05:00PM - 03/26/2025 11:00PM",466.689,"7","1","Finished","67dc5abb4a8aee02c0147db3","0.0","0.0","no","-","10.100.102.3","Participant 16","5","5","4","כי אמא שלי אני אמרתי לה שה אני אמרתי לה שאני אוציא בשעה מסוימת והיא אמרה לי שאני לא יכולה בשעה","No","Yes","No","No","No","No","","5","5","5","1","1","5","2","1","1","1","1","1","5","1","1","5","1","1","1",
"03/27/2025 09:32PM","03/27/2025 09:41PM","03/27/2025 05:00PM - 03/27/2025 11:00PM",520.416,"8","1","Finished","67dc5abb4a8aee02c0147db3","0.0","0.0","no","-","10.100.102.3","Participant 16","5","1","1","‏לא התעצבנתי","Yes","No","No","No","No","No","","3","6","5","1","2","1","1","1","6","5","1","1","5","1","1","5","3","1","6",
"03/25/2025 05:28PM","03/25/2025 05:34PM","03/25/2025 05:00PM - 03/25/2025 11:00PM",360.147,"2","1","Finished","67d84bdac1ae9946c5b95905",,,"no","-","100.115.132.224","Participant 17","1","2","1","שיעור מדעים","No","No","No","No","No","Yes","","5","1","5","3","7","1","1","1","2","1","1","6","2","1","1","5","4","1","7",
"03/26/2025 07:51PM","03/26/2025 07:55PM","03/26/2025 05:00PM - 03/26/2025 11:00PM",233.625,"3","1","Finished","67d84bdac1ae9946c5b95905",,,"no","-","100.90.24.209","Participant 17","2","2","1","המורה שלי כי הי נתנה שעירים בית","Yes","No","No","No","No","No","","5","6","3","2","5","1","1","1","1","1","1","7","5","1","3","1","3","1","7",
"03/27/2025 07:17PM","03/27/2025 07:20PM","03/27/2025 05:00PM - 03/27/2025 11:00PM",194.062,"4","1","Finished","67d84bdac1ae9946c5b95905",,,"no","-","10.0.0.8","Participant 17","1","1","1","לא אצבן","No","No","No","No","No","Yes","","2","1","1","1","6","2","1","1","3","2","1","3","3","2","1","2","6","1","7",
"03/28/2025 08:54PM","03/28/2025 08:56PM","03/28/2025 05:00PM - 03/28/2025 11:00PM",111.9,"5","1","Finished","67d84bdac1ae9946c5b95905",,,"no","-","100.119.76.168","Participant 17","3","2","1","אין לי","No","No","No","No","No","Yes","","2","6","1","1","6","1","1","1","3","1","1","1","3","2","1","6","6","1","7",
"03/30/2025 05:14PM","03/30/2025 05:18PM","03/30/2025 05:00PM - 03/30/2025 11:00PM",245.674,"7","1","Finished","67d84bdac1ae9946c5b95905",,,"no","-","100.102.164.20","Participant 17","1","1","1","אין לי","No","No","No","No","No","Yes","","1","2","2","1","1","2","2","2","2","1","1","2","1","1","1","1","1","1","7",
"03/31/2025 08:38PM","03/31/2025 08:40PM","03/31/2025 05:00PM - 03/31/2025 11:00PM",120.236,"8","1","Finished","67d84bdac1ae9946c5b95905",,,"no","-","100.102.95.153","Participant 17","3","1","1","אין לי","No","No","No","No","No","Yes","","1","1","1","2","1","1","1","1","1","2","1","2","1","1","3","3","5","1","7",
"03/28/2025 06:47PM","03/28/2025 06:49PM","03/28/2025 05:00PM - 03/28/2025 11:00PM",124.716,"2","1","Finished","67e56a2a8cd70bc4d83b1af8","0.0","0.0","no","-","10.100.102.5","Participant 18","1","1","1","שום דבר","No","No","No","No","No","Yes","","1","5","1","1","5","1","6","6","5","5","1","4","1","1","1","1","1","1","7",
"03/29/2025 09:45PM","03/29/2025 09:48PM","03/29/2025 05:00PM - 03/29/2025 11:00PM",183.704,"3","1","Finished","67e56a2a8cd70bc4d83b1af8","0.0","0.0","no","-","10.100.102.5","Participant 18","4","5","5","שאחותי הרסה לכל המשפחה שלא רצתה להיכנס למים בבריכה","Yes","No","No","No","No","No","","1","7","5","1","1","1","4","7","4","7","1","1","1","4","4","1","1","5","3",
"03/30/2025 06:27PM","03/30/2025 06:29PM","03/30/2025 05:00PM - 03/30/2025 11:00PM",119.083,"4","1","Finished","67e56a2a8cd70bc4d83b1af8","0.0","0.0","no","-","10.100.102.5","Participant 18","1","7","1","שחבר שיקר למורה לגבי משהו","No","No","No","No","No","Yes","","1","1","1","1","7","1","5","6","5","1","1","1","1","1","7","1","1","7","1",
"03/31/2025 09:34PM","03/31/2025 09:36PM","03/31/2025 05:00PM - 03/31/2025 11:00PM",141.183,"5","1","Finished","67e56a2a8cd70bc4d83b1af8","0.0","0.0","no","-","10.100.102.5","Participant 18","1","1","1","שום דבר","No","No","No","No","No","Yes","","1","4","1","5","5","1","3","3","3","5","1","1","1","1","1","1","1","1","5",
"04/01/2025 08:31PM","04/01/2025 08:33PM","04/01/2025 05:00PM - 04/01/2025 11:00PM",117.245,"6","1","Finished","67e56a2a8cd70bc4d83b1af8","0.0","0.0","no","-","10.100.102.5","Participant 18","1","1","1","שהכיתה שלי לא התארגנה על מתיחות לאחד באפריל","No","No","No","No","No","Yes","","1","1","1","1","5","1","5","5","5","5","1","1","1","1","5","1","1","2","5",
"04/02/2025 09:36PM","04/02/2025 09:38PM","04/02/2025 05:00PM - 04/02/2025 11:00PM",134.292,"7","1","Finished","67e56a2a8cd70bc4d83b1af8","0.0","0.0","no","-","10.100.102.5","Participant 18","1","1","1","שילד צעק עליי שלא עשיתי משהו טוב בכדורסל","No","No","No","No","No","Yes","","1","6","1","1","7","1","5","3","4","5","1","1","1","1","1","1","1","1","6",
"04/03/2025 09:49PM","04/03/2025 09:52PM","04/03/2025 05:00PM - 04/03/2025 11:00PM",200.819,"8","1","Finished","67e56a2a8cd70bc4d83b1af8","0.0","0.0","no","-","10.100.102.5","Participant 18","1","1","1","שהעתיקו ממני תשובות בחידון","No","No","No","No","No","Yes","","1","4","1","1","5","1","4","2","5","5","1","1","1","1","1","1","1","1","5",
"03/28/2025 06:47PM","03/28/2025 06:52PM","03/28/2025 05:00PM - 03/28/2025 11:00PM",281.294,"2","1","Finished","67e598bb8cd70bc4d8406ea5",,,"no","-","100.104.135.125","Participant 19","1","6","1","אבא צעק עלי","Yes","No","No","No","No","No","","1","1","1","1","6","3","2","1","1","2","1","4","6","1","4","7","6","5","4",
"03/29/2025 06:30PM","03/29/2025 06:36PM","03/29/2025 05:00PM - 03/29/2025 11:00PM",337.591,"3","1","Finished","67e598bb8cd70bc4d8406ea5",,,"no","-","10.0.0.11","Participant 19","7","4","4","הילה (אחותי), אבא, אמא.","Yes","No","No","No","No","No","הלכתי מאותו האזור ","7","1","6","1","2","7","1","1","1","1","1","4","4","1","1","7","6","4","5",
"03/30/2025 09:16PM","03/30/2025 09:19PM","03/30/2025 05:00PM - 03/30/2025 11:00PM",175.243,"4","1","Finished","67e598bb8cd70bc4d8406ea5",,,"no","-","10.0.0.11","Participant 19","1","3","1","לא התעצבנתי ","No","No","No","No","No","Yes","","1","7","1","1","7","1","1","1","1","1","1","7","7","1","1","1","1","1","7",
"03/31/2025 10:12PM","03/31/2025 10:16PM","03/31/2025 05:00PM - 03/31/2025 11:00PM",254.724,"5","1","Finished","67e598bb8cd70bc4d8406ea5",,,"no","-","10.0.0.11","Participant 19","2","5","1","שאחותי נתנה לי מרפקים לצלה","No","No","No","No","No","Yes","","7","1","6","1","3","1","1","1","1","1","1","1","4","1","1","5","6","1","6",
"04/02/2025 10:10PM","04/02/2025 10:13PM","04/02/2025 05:00PM - 04/02/2025 11:00PM",181.298,"7","1","Finished","67e598bb8cd70bc4d8406ea5",,,"no","-","100.102.181.226","Participant 19","5","1","1","לא התעצבנתי ","No","No","No","No","No","Yes","","1","1","1","1","7","1","5","1","1","5","1","1","7","1","1","6","1","1","7",
"04/03/2025 06:57PM","04/03/2025 07:03PM","04/03/2025 05:00PM - 04/03/2025 11:00PM",353.362,"8","1","Finished","67e598bb8cd70bc4d8406ea5",,,"no","-","10.0.0.11","Participant 19","7","5","1","ילד מהכיתה שלי לקח לי את הכדור פינגווין פונג","Yes","No","Yes","No","Yes","No","קיללתי ","7","1","7","1","1","7","7","1","4","7","1","1","1","1","4","7","7","7","7",
"03/31/2025 07:45PM","03/31/2025 07:47PM","03/31/2025 05:00PM - 03/31/2025 11:00PM",153.347,"2","1","Finished","67e983c78cd70bc4d87b0a16","0.0","0.0","no","-","2a0d:6fc0:2a27:e900:c47c:d2a:a763:39d7","Participant 20","1","1","2","עיצבן אותי שקבענו חברים ללכת לים והיה חבר אחד שאמר שלא הולכים אבל בסוף הלכנו ","Yes","No","No","No","Yes","No","","1","5","1","2","7","1","7","1","1","1","1","7","5","1","1","1","4","1","7",
"04/01/2025 08:24PM","04/01/2025 08:26PM","04/01/2025 05:00PM - 04/01/2025 11:00PM",113.389,"3","1","Finished","67e983c78cd70bc4d87b0a16","0.0","0.0","no","-","192.168.1.230","Participant 20","1","1","1","שלא קיבלתי פס שהיה אמור להסתיים בגול ","No","No","No","No","No","Yes","","5","6","1","1","6","1","5","1","7","1","1","2","1","1","1","1","1","1","7",
"04/02/2025 09:22PM","04/02/2025 09:24PM","04/02/2025 05:00PM - 04/02/2025 11:00PM",137.271,"4","1","Finished","67e983c78cd70bc4d87b0a16","0.0","0.0","no","-","192.168.1.230","Participant 20","1","1","1","לא זוכר ","No","No","No","No","Yes","No","","3","6","3","2","5","5","7","3","1","3","1","1","4","1","1","7","1","1","7",
"04/03/2025 08:30PM","04/03/2025 08:32PM","04/03/2025 05:00PM - 04/03/2025 11:00PM",108.49,"5","1","Finished","67e983c78cd70bc4d87b0a16","0.0","0.0","no","-","2a02:14f:389:1399:f130:a18f:3124:3e61","Participant 20","7","7","2","המאמן שלי ","No","No","No","No","No","Yes","","5","2","1","2","4","5","2","2","2","4","1","5","1","1","1","1","1","6","2",
"04/04/2025 08:37PM","04/04/2025 08:39PM","04/04/2025 05:00PM - 04/04/2025 11:00PM",91.633,"6","1","Finished","67e983c78cd70bc4d87b0a16","0.0","0.0","no","-","2a02:14f:391:e3a3:14a5:7cf3:ab32:377c","Participant 20","6","1","1","שילדים במגרש כדורגל שיקרו שהם שכרו מגרש ","No","No","No","No","No","Yes","","1","1","1","1","7","1","5","1","1","5","1","3","1","1","1","3","1","1","7",
"04/05/2025 10:42PM","04/05/2025 10:44PM","04/05/2025 05:00PM - 04/05/2025 11:00PM",82.45,"7","1","Finished","67e983c78cd70bc4d87b0a16","0.0","0.0","no","-","2a0d:6fc0:2a27:e900:a159:bb77:686b:3129","Participant 20","1","1","1","דניאל אברס ","No","No","No","No","No","Yes","","1","3","1","4","6","1","1","2","1","1","1","1","1","1","1","1","1","1","7",
"04/06/2025 05:35PM","04/06/2025 05:37PM","04/06/2025 05:00PM - 04/06/2025 11:00PM",99.866,"8","1","Finished","67e983c78cd70bc4d87b0a16","0.0","0.0","no","-","2a02:14f:398:35bf:8d8:ad64:b024:e9f2","Participant 20","1","1","1","כלום אני באילת חי תחלום ","No","No","No","No","No","Yes","","1","5","1","6","6","5","5","5","5","1","1","1","1","1","1","1","1","1","7",
"04/08/2025 07:11PM","04/08/2025 07:15PM","04/08/2025 05:00PM - 04/08/2025 11:00PM",250.292,"2","1","Finished","67ed349914f74b844501d3ad",,,"no","-","10.100.102.8","Participant 21","1","1","1","לא היה משהו שעצבן אותי היום","No","No","No","No","No","Yes","","4","1","1","1","7","1","1","1","1","1","1","5","7","1","1","3","2","1","6",
"04/10/2025 05:27PM","04/10/2025 05:29PM","04/10/2025 05:00PM - 04/10/2025 11:00PM",136.164,"4","1","Finished","67ed349914f74b844501d3ad",,,"no","-","10.100.102.8","Participant 21","1","1","1","אמרתי בבוקר, חוץ מזה לא כעסתי","No","No","No","No","No","Yes","","1","1","1","1","5","1","1","1","7","1","1","6","6","1","1","1","1","1","6",
"04/12/2025 10:01PM","04/12/2025 10:05PM","04/12/2025 05:00PM - 04/12/2025 11:00PM",229.79,"2","1","Finished","67ed6c7f14f74b844506a915",,,"no","-","192.168.8.148","Participant 22","1","4","1","אח שלי מרמה בפוצ׳יבולי ","No","No","No","No","No","Yes","","2","2","3","2","4","2","1","2","6","4","3","2","2","3","1","1","1","1","6",
"04/13/2025 10:16PM","04/13/2025 10:19PM","04/13/2025 05:00PM - 04/13/2025 11:00PM",190.193,"3","1","Finished","67ed6c7f14f74b844506a915",,,"no","-","192.168.8.148","Participant 22","1","2","2","האחים שלי","No","No","No","No","No","Yes","","3","2","4","1","6","1","3","4","7","4","1","3","1","1","1","1","1","1","6",
"04/14/2025 05:06PM","04/14/2025 05:10PM","04/14/2025 05:00PM - 04/14/2025 11:00PM",274.844,"4","1","Finished","67ed6c7f14f74b844506a915",,,"no","-","192.168.100.55","Participant 22","1","6","1","אחים שלי","No","No","No","No","No","Yes","","2","7","1","1","6","1","2","3","7","5","1","3","1","5","1","1","1","4","6",
"04/15/2025 05:14PM","04/15/2025 05:19PM","04/15/2025 05:00PM - 04/15/2025 11:00PM",245.65,"5","1","Finished","67ed6c7f14f74b844506a915",,,"no","-","192.168.100.55","Participant 22","3","7","2","נסיעה ארוכה ","No","No","No","No","No","Yes","","1","3","1","2","6","1","3","6","6","2","1","3","2","2","2","1","2","1","4",
"04/16/2025 05:57PM","04/16/2025 06:01PM","04/16/2025 05:00PM - 04/16/2025 11:00PM",273.697,"6","1","Finished","67ed6c7f14f74b844506a915",,,"no","-","100.97.149.52","Participant 22","2","3","4","אח שלי הקטן  נגב","No","No","No","No","No","Yes","","2","3","2","1","6","1","2","6","7","4","1","3","1","1","1","1","1","2","6",
"04/17/2025 08:32PM","04/17/2025 08:33PM","04/17/2025 05:00PM - 04/17/2025 11:00PM",107.214,"7","1","Finished","67ed6c7f14f74b844506a915",,,"no","-","192.168.8.148","Participant 22","2","1","1","אח שלי ","No","No","No","No","No","Yes","","1","2","2","2","6","1","2","1","6","3","2","4","2","2","1","1","1","1","5",
"04/18/2025 09:03PM","04/18/2025 09:05PM","04/18/2025 05:00PM - 04/18/2025 11:00PM",126.135,"8","1","Finished","67ed6c7f14f74b844506a915",,,"no","-","192.168.1.12","Participant 22","3","1","2","היה לי משחק כדורסל ולא הלך טוב","No","No","No","No","No","Yes","","1","2","1","1","5","1","3","2","5","3","1","3","2","1","1","1","1","1","5",
"04/07/2025 06:15PM","04/07/2025 06:18PM","04/07/2025 05:00PM - 04/07/2025 11:00PM",152.798,"2","1","Finished","67f2af748ee40dc60e0f1ba6","0.0","0.0","no","-","2a0d:6fc2:4200:3c00:a98c:eb0d:c8c:1fc5","Participant 23","1","1","1","שהיום לא יצאתי מהבית בכלל וכל היום סידרתי את החדר","No","No","No","No","No","Yes","","1","7","1","7","7","7","1","1","7","1","1","5","7","1","1","7","5","1","6",
"04/09/2025 05:47PM","04/09/2025 05:49PM","04/09/2025 05:00PM - 04/09/2025 11:00PM",130.237,"4","1","Finished","67f2af748ee40dc60e0f1ba6","0.0","0.0","no","-","192.168.1.169","Participant 23","2","5","1","אח שלי עצבן אותי שלא סידר איתי את החדר","No","No","No","No","No","Yes","","5","5","1","7","7","7","1","1","7","7","1","5","6","1","1","7","7","1","7",
"04/10/2025 08:39PM","04/10/2025 08:40PM","04/10/2025 05:00PM - 04/10/2025 11:00PM",81.247,"5","1","Finished","67f2af748ee40dc60e0f1ba6","0.0","0.0","no","-","192.168.1.169","Participant 23","5","1","5","רבתי עם חבר","Yes","No","Yes","No","No","No","","1","7","1","7","7","7","1","1","7","7","1","6","7","5","5","7","7","1","6",
"04/11/2025 05:00PM","04/11/2025 05:02PM","04/11/2025 05:00PM - 04/11/2025 11:00PM",104.262,"6","1","Finished","67f2af748ee40dc60e0f1ba6","0.0","0.0","no","-","192.168.1.169","Participant 23","7","7","5","לא עשו כמו מה שביקשתי","Yes","Yes","No","No","No","No","","7","6","7","2","3","7","3","1","1","1","1","5","5","1","1","7","7","7","1",
"04/12/2025 05:11PM","04/12/2025 05:13PM","04/12/2025 05:00PM - 04/12/2025 11:00PM",95.209,"7","1","Finished","67f2af748ee40dc60e0f1ba6","0.0","0.0","no","-","2a02:14f:394:43cc:e85d:3114:1300:1061","Participant 23","3","1","1","לא הלכתי ללונה פארק","Yes","Yes","No","No","No","Yes","","6","6","5","5","6","7","1","1","5","1","1","1","5","1","1","7","7","2","2",
"04/11/2025 05:03PM","04/11/2025 05:05PM","04/11/2025 05:00PM - 04/11/2025 11:00PM",137.113,"2","1","Finished","67f6b4daa36094aa3a777309",,,"no","-","192.168.31.30","Participant 24","1","4","1","כלום","No","No","No","No","No","Yes","","2","7","1","1","7","1","1","6","7","1","1","1","5","1","2","1","1","4","6",
"04/12/2025 07:33PM","04/12/2025 07:36PM","04/12/2025 05:00PM - 04/12/2025 11:00PM",175.324,"3","1","Finished","67f6b4daa36094aa3a777309",,,"no","-","10.156.215.249","Participant 24","1","1","1",,"No","No","No","No","No","Yes","","4","1","5","1","3","1","1","1","1","1","1","1","5","1","1","4","4","1","7",
"04/13/2025 10:01PM","04/13/2025 10:03PM","04/13/2025 05:00PM - 04/13/2025 11:00PM",106.988,"4","1","Finished","67f6b4daa36094aa3a777309",,,"no","-","10.146.98.254","Participant 24","1","1","1","כלום","No","No","No","No","No","Yes","","1","1","1","1","3","1","1","1","1","1","1","1","2","1","1","1","2","1","7",
"04/15/2025 10:06PM","04/15/2025 10:08PM","04/15/2025 05:00PM - 04/15/2025 11:00PM",115.382,"6","1","Finished","67f6b4daa36094aa3a777309",,,"no","-","192.168.31.30","Participant 24","1","1","1","כלום","No","No","No","No","No","Yes","","2","1","1","1","4","1","1","1","1","1","1","1","4","1","1","1","2","1","7",
"04/17/2025 05:56PM","04/17/2025 05:57PM","04/17/2025 05:00PM - 04/17/2025 11:00PM",83.345,"8","1","Finished","67f6b4daa36094aa3a777309",,,"no","-","192.168.31.45","Participant 24","1","1","1","כלום","No","No","No","No","No","Yes","","1","1","1","1","1","1","1","1","1","1","1","1","4","1","1","1","1","1","7",
"04/23/2025 08:20PM","04/23/2025 08:35PM","04/23/2025 05:00PM - 04/23/2025 11:00PM",867.972,"2","1","Finished","6807c68d08fd7252205adccc",,,"no","-","10.84.107.73","Participant 25","1","1","1","היום אני אח שלי ואני רצינו ללכת לפארק עם חברים הלכנו שיחקנו. אחרי 10 ד'ק ששיחקנו הוציאו את כולם מהפרק ומי זה התעצבנתי","No","No","No","No","No","Yes","","1","1","1","1","7","1","4","1","1","1","1","1","4","1","1","1","1","1","7",
"04/24/2025 08:03PM","04/24/2025 08:12PM","04/24/2025 05:00PM - 04/24/2025 11:00PM",526.93,"3","1","Finished","6807c68d08fd7252205adccc",,,"no","-","10.100.102.12","Participant 25","1","1","1","כלום","No","No","No","No","No","Yes","","4","2","1","1","1","1","6","1","4","1","1","1","1","1","1","1","1","1","7",
"04/25/2025 09:42PM","04/25/2025 09:47PM","04/25/2025 05:00PM - 04/25/2025 11:00PM",297.49,"4","1","Finished","6807c68d08fd7252205adccc",,,"no","-","10.163.43.107","Participant 25","1","1","1","https://expimetrics.s3.amazonaws.com/Responses/Audio/1745606821357.m4a?AWSAccessKeyId=AKIAUNQ3YECAOFY6LAPM&Expires=1749038361&Signature=%2BrpSCoP8Aid1MI6g4q%2Fayx8dAMA%3D","No","No","No","No","No","Yes","","2","1","4","1","6","1","5","1","1","1","1","1","1","1","1","1","1","1","7",
"04/26/2025 08:04PM","04/26/2025 08:07PM","04/26/2025 05:00PM - 04/26/2025 11:00PM",208.141,"5","1","Finished","6807c68d08fd7252205adccc",,,"no","-","10.163.43.107","Participant 25","1","5","1","כלום","No","No","No","No","No","Yes","","5","1","7","1","1","1","1","1","1","1","1","1","1","1","1","1","1","7","7",
"04/27/2025 08:31PM","04/27/2025 08:37PM","04/27/2025 05:00PM - 04/27/2025 11:00PM",391.049,"6","1","Finished","6807c68d08fd7252205adccc",,,"no","-","10.163.43.107","Participant 25","7","1","1","כלום","No","No","No","No","No","Yes","","1","7","1","1","1","1","1","1","4","1","1","1","1","1","1","1","1","1","7",
"04/28/2025 09:58PM","04/28/2025 10:00PM","04/28/2025 05:00PM - 04/28/2025 11:00PM",138.263,"7","1","Finished","6807c68d08fd7252205adccc",,,"no","-","10.248.19.80","Participant 25","1","1","1","כלום","No","No","No","No","No","Yes","","1","1","1","1","7","1","1","1","4","1","1","1","1","1","1","1","1","1","4",
"04/29/2025 07:03PM","04/29/2025 07:05PM","04/29/2025 05:00PM - 04/29/2025 11:00PM",143.617,"8","1","Finished","6807c68d08fd7252205adccc",,,"no","-","192.168.68.102","Participant 25","1","1","1","כלום","No","No","No","No","No","Yes","","1","1","1","1","7","1","1","1","4","1","1","1","1","1","1","1","1","1","7",
"04/29/2025 09:12PM","04/29/2025 09:17PM","04/29/2025 05:00PM - 04/29/2025 11:00PM",269.792,"3","1","Finished","680b7bcd5a3f3054a0290c95",,,"no","-","192.168.68.110","Participant 26","2","2","2","לא היה לי","No","No","No","No","No","Yes","","2","1","2","1","2","2","1","1","3","4","1","1","3","3","3","3","2","3","6",
"05/02/2025 07:07PM","05/02/2025 07:10PM","05/02/2025 05:00PM - 05/02/2025 11:00PM",193.693,"6","1","Finished","680b7bcd5a3f3054a0290c95",,,"no","-","10.175.25.1","Participant 26","6","5","2","שום דבר","Yes","No","No","No","No","No","","7","1","7","2","2","3","3","2","2","2","1","6","2","2","7","2","3","6","3",
"05/06/2025 09:21PM","05/06/2025 09:27PM","05/06/2025 05:00PM - 05/06/2025 11:00PM",364.811,"2","1","Finished","680b7bcd5a3f3054a0290c95",,,"no","-","192.168.68.101","Participant 26","4","5","5","האח הקטן שלי עיצבן אותי","Yes","No","No","No","No","No","","5","2","6","2","3","6","2","1","3","3","2","3","2","4","4","3","2","3","5",
"05/07/2025 09:41PM","05/07/2025 09:43PM","05/07/2025 05:00PM - 05/07/2025 11:00PM",131.887,"3","1","Finished","680b7bcd5a3f3054a0290c95",,,"no","-","192.168.68.114","Participant 26","3","2","1","אין לי","No","No","No","No","No","Yes","","3","2","2","3","5","2","3","3","4","3","2","2","3","2","3","2","3","3","5",
"05/08/2025 10:16PM","05/08/2025 10:19PM","05/08/2025 05:00PM - 05/08/2025 11:00PM",200.019,"4","1","Finished","680b7bcd5a3f3054a0290c95",,,"no","-","192.168.68.112","Participant 26","3","7","7","אמא שלי","Yes","No","No","No","No","No","","5","1","6","1","1","5","1","1","1","5","2","7","2","2","3","4","2","7","1",
"05/09/2025 10:06PM","05/09/2025 10:09PM","05/09/2025 05:00PM - 05/09/2025 11:00PM",131.04,"5","1","Finished","680b7bcd5a3f3054a0290c95",,,"no","-","10.100.102.153","Participant 26","5","3","2","האח הקטן שלי","Yes","No","No","No","No","No","","3","2","3","3","4","4","4","7","2","3","3","7","3","3","3","3","3","5","5",
"05/11/2025 09:31PM","05/11/2025 09:34PM","05/11/2025 05:00PM - 05/11/2025 11:00PM",152.057,"7","1","Finished","680b7bcd5a3f3054a0290c95",,,"no","-","10.119.218.228","Participant 26","2","2","2","אבא שלי ","Yes","No","No","No","No","Yes","","2","1","5","2","3","3","2","1","3","3","3","6","2","1","3","3","2","3","7",
"05/12/2025 09:20PM","05/12/2025 09:23PM","05/12/2025 05:00PM - 05/12/2025 11:00PM",179.859,"8","1","Finished","680b7bcd5a3f3054a0290c95",,,"no","-","10.119.218.228","Participant 26","5","6","3","המורה שלי צעקה עליי בגלל שלא עשיתי כלום","Yes","No","No","No","No","No","","5","2","7","1","1","2","2","1","2","2","3","2","3","2","1","2","2","6","3",
"04/30/2025 07:54PM","04/30/2025 07:57PM","04/30/2025 05:00PM - 04/30/2025 11:00PM",150.307,"2","1","Finished","680e480f5a3f3054a045579f","0.0","0.0","no","-","192.168.1.141","Participant 27","2","6","3","אני ואמא שלי רבנו","Yes","No","No","No","No","No","","4","1","4","1","7","1","2","1","4","7","1","1","1","1","1","1","1","5","4",
"05/01/2025 05:02PM","05/01/2025 05:03PM","05/01/2025 05:00PM - 05/01/2025 11:00PM",90.676,"3","1","Finished","680e480f5a3f3054a045579f","0.0","0.0","no","-","192.168.68.55","Participant 27","1","1","1","כואב לי הראש","No","No","No","No","No","Yes","","1","1","1","1","1","1","1","1","1","1","1","1","1","1","1","1","1","1","4",
"05/02/2025 05:01PM","05/02/2025 05:03PM","05/02/2025 05:00PM - 05/02/2025 11:00PM",124.511,"4","1","Finished","680e480f5a3f3054a045579f","0.0","0.0","no","-","192.168.1.141","Participant 27","1","2","1","שום דבר לא עצבן אותי היום","No","No","No","No","No","Yes","","1","1","1","1","7","1","1","1","5","7","1","4","1","1","1","1","1","1","6",
"05/03/2025 06:09PM","05/03/2025 06:11PM","05/03/2025 05:00PM - 05/03/2025 11:00PM",111.618,"5","1","Finished","680e480f5a3f3054a045579f","0.0","0.0","no","-","2a02:ed2:f030:913c:54eb:8efd:b12:3381","Participant 27","1","1","1","לא התעצבנתי היום","No","No","No","No","No","Yes","","1","1","1","1","7","1","1","7","4","2","1","3","1","1","1","1","3","1","7",
"05/04/2025 08:40PM","05/04/2025 08:41PM","05/04/2025 05:00PM - 05/04/2025 11:00PM",85.725,"6","1","Finished","680e480f5a3f3054a045579f","0.0","0.0","no","-","10.47.128.107","Participant 27","1","1","1","כאבה לי הבטן ","No","No","No","No","No","Yes","","1","1","1","7","7","1","1","7","5","5","1","1","1","1","1","1","4","1","7",
"05/05/2025 08:21PM","05/05/2025 08:23PM","05/05/2025 05:00PM - 05/05/2025 11:00PM",94.538,"7","1","Finished","680e480f5a3f3054a045579f","0.0","0.0","no","-","10.47.129.179","Participant 27","1","1","1","שום דבר לא עצבן אותי היום","No","No","No","No","No","Yes","","1","1","1","7","7","1","1","7","6","7","1","1","1","1","1","4","4","1","7",
"05/06/2025 07:24PM","05/06/2025 07:25PM","05/06/2025 05:00PM - 05/06/2025 11:00PM",81.699,"8","1","Finished","680e480f5a3f3054a045579f","0.0","0.0","no","-","2a02:ed1:f030:980e:99aa:610e:31b8:e716","Participant 27","1","2","1","נתפס לי השריר באמצע הלילה","No","No","No","No","No","Yes","","1","1","1","7","7","1","1","7","5","7","1","1","3","1","1","3","3","1","7",
"05/09/2025 07:41PM","05/09/2025 07:48PM","05/09/2025 05:00PM - 05/09/2025 11:00PM",431.864,"2","1","Finished","681cbcc574c048e93320ab34",,,"no","-","10.0.0.6","Participant 28","4","2","3","רציתי ללכת לבריכה עם חברים והם רצו בכלל ללכת למגרש","No","No","No","No","No","Yes","","3","5","3","4","5","3","5","2","3","4","1","5","4","2","2","3","5","2","6",
"05/10/2025 07:00PM","05/10/2025 07:06PM","05/10/2025 05:00PM - 05/10/2025 11:00PM",323.363,"3","1","Finished","681cbcc574c048e93320ab34",,,"no","-","10.0.0.6","Participant 28","4","3","2","רציתי נעליים אבל לא יכלו להבי לי אותם אכשיו אבל לא ממש התעצבנתי כי הבנתי שהם לא יכולים","No","No","No","No","No","Yes","","3","4","4","3","5","4","2","5","5","3","4","1","3","2","3","2","3","1","5",
"05/11/2025 05:00PM","05/11/2025 05:13PM","05/11/2025 05:00PM - 05/11/2025 11:00PM",727.826,"4","1","Finished","681cbcc574c048e93320ab34",,,"no","-","10.0.0.6","Participant 28","4","3","4","יש לנו צילומים לסדרה ברחוב וזה מאוד מגניב אבל הם חוסמים את הכביש וזה עושה הרבה רעש ואנשים מתצבנים","Yes","No","No","No","No","No","","3","6","3","5","5","3","3","3","4","3","3","4","5","4","3","3","3","2","5",
"05/12/2025 09:16PM","05/12/2025 09:20PM","05/12/2025 05:00PM - 05/12/2025 11:00PM",231.442,"5","1","Finished","681cbcc574c048e93320ab34",,,"no","-","10.0.0.6","Participant 28","3","3","3","אני אוהב לשחק כדורסל והיום שחקתי עם חברים שלי שהם יותר אוהבים כדורגל אז הם מזלזלים לפעמים בכדורסל","No","No","No","No","No","Yes","","3","4","2","5","5","3","3","3","3","4","2","3","3","2","3","3","3","3","4",
"05/13/2025 07:00PM","05/13/2025 07:04PM","05/13/2025 05:00PM - 05/13/2025 11:00PM",244.81,"6","1","Finished","681cbcc574c048e93320ab34",,,"no","-","10.0.0.6","Participant 28","3","3","2","אני רציתי שחבר שלי אבוא הביתה ונראה סדרה ביחד אבל הוא אמר שהוא מעדיף להיות במחשב","Yes","No","No","No","No","No","","3","4","3","4","4","3","4","2","4","4","3","3","3","3","3","3","3","2","4",
"05/14/2025 05:00PM","05/14/2025 05:07PM","05/14/2025 05:00PM - 05/14/2025 11:00PM",448.685,"7","1","Finished","681cbcc574c048e93320ab34",,,"no","-","10.0.0.6","Participant 28","3","3","3","היה לי מבחן במתמתיקה וזה היה על שיעור ספורט","No","No","No","No","No","Yes","","3","5","3","5","5","4","4","3","5","4","3","3","3","3","4","3","3","3","5",
"05/15/2025 05:35PM","05/15/2025 05:41PM","05/15/2025 05:00PM - 05/15/2025 11:00PM",353.536,"8","1","Finished","681cbcc574c048e93320ab34",,,"no","-","10.104.230.101","Participant 28","3","3","2","אין","No","No","No","No","No","Yes","","2","5","3","4","5","3","3","5","5","4","2","4","3","2","3","3","3","3","5",
"05/14/2025 05:58PM","05/14/2025 06:01PM","05/14/2025 05:00PM - 05/14/2025 11:00PM",170.932,"2","1","Finished","6823763f74c048e9335d2dea","0.0","0.0","no","-","192.168.68.76","Participant 29","2","3","2","שאמרו שיהיה אזעקה על הבוקר","No","No","No","No","No","Yes","","1","5","1","5","7","4","6","4","5","6","1","1","2","2","2","2","5","2","5",
"05/15/2025 07:13PM","05/15/2025 07:15PM","05/15/2025 05:00PM - 05/15/2025 11:00PM",118.352,"3","1","Finished","6823763f74c048e9335d2dea","0.0","0.0","no","-","192.168.68.76","Participant 29","2","2","2","שנמתח לי השריר","No","No","No","No","No","Yes","","2","5","3","4","6","3","4","4","6","6","1","4","2","2","2","2","5","2","6",
"05/16/2025 06:23PM","05/16/2025 06:25PM","05/16/2025 05:00PM - 05/16/2025 11:00PM",128.871,"4","1","Finished","6823763f74c048e9335d2dea","0.0","0.0","no","-","192.168.68.76","Participant 29","2","2","2","שהייתה לי נסיעה ארוכה","No","No","No","No","No","Yes","","2","5","2","6","6","1","5","6","5","5","1","4","3","2","1","4","3","2","5",
"05/17/2025 06:20PM","05/17/2025 06:23PM","05/17/2025 05:00PM - 05/17/2025 11:00PM",181.669,"5","1","Finished","6823763f74c048e9335d2dea","0.0","0.0","no","-","192.168.68.76","Participant 29","2","2","2","שבבריכה השולחנות פינג פונג היו תפוסים","No","No","No","No","No","Yes","","2","6","3","5","7","2","5","7","6","5","1","1","2","2","2","2","5","2","5",
"05/18/2025 06:44PM","05/18/2025 06:47PM","05/18/2025 05:00PM - 05/18/2025 11:00PM",177.137,"6","1","Finished","6823763f74c048e9335d2dea","0.0","0.0","no","-","192.168.68.76","Participant 29","2","2","2","האזעקה ","No","No","No","No","No","Yes","","2","6","2","7","6","3","6","5","7","5","2","4","2","2","2","2","4","2","5",
"05/19/2025 07:15PM","05/19/2025 07:17PM","05/19/2025 05:00PM - 05/19/2025 11:00PM",119.232,"7","1","Finished","6823763f74c048e9335d2dea","0.0","0.0","no","-","192.168.68.76","Participant 29","2","2","2","אני לא מצליח לחשוב על משהו 😅","No","No","No","No","No","Yes","","1","7","2","7","6","3","5","4","6","5","1","2","2","2","2","5","5","2","6",
"05/20/2025 07:15PM","05/20/2025 07:17PM","05/20/2025 05:00PM - 05/20/2025 11:00PM",102.715,"8","1","Finished","6823763f74c048e9335d2dea","0.0","0.0","no","-","192.168.68.76","Participant 29","2","2","2","כלום","No","No","No","No","No","Yes","","1","7","2","6","6","2","5","5","7","5","2","4","2","2","2","2","4","1","6",
"05/20/2025 05:00PM","05/20/2025 05:06PM","05/20/2025 05:00PM - 05/20/2025 11:00PM",353.879,"2","1","Finished","682b442235b7c8e896a4b993","0.0","0.0","no","-","10.26.189.125","Participant 30","6","7","5","מורה וילדה עיצבנו אותי ","No","No","No","No","No","Yes","","6","1","5","1","5","6","5","1","1","6","1","4","6","1","3","5","6","2","4",
"05/21/2025 06:40PM","05/21/2025 06:43PM","05/21/2025 05:00PM - 05/21/2025 11:00PM",143.687,"3","1","Finished","682b442235b7c8e896a4b993","0.0","0.0","no","-","10.226.240.161","Participant 30","3","5","4","אחותי","Yes","No","No","No","No","No","","1","6","1","2","5","2","2","1","3","5","1","5","2","1","1","3","1","1","5",
"05/22/2025 05:45PM","05/22/2025 05:48PM","05/22/2025 05:00PM - 05/22/2025 11:00PM",131.465,"4","1","Finished","682b442235b7c8e896a4b993","0.0","0.0","no","-","10.24.27.169","Participant 30","4","5","1","כלום","No","No","No","No","No","Yes","","1","5","1","2","5","1","2","1","1","4","1","3","2","5","6","6","2","1","5",
"05/23/2025 05:49PM","05/23/2025 05:51PM","05/23/2025 05:00PM - 05/23/2025 11:00PM",131.968,"5","1","Finished","682b442235b7c8e896a4b993","0.0","0.0","no","-","10.232.80.49","Participant 30","2","3","1","שכאב לי הרגל","Yes","No","No","No","No","No","","1","1","1","1","4","1","1","1","3","2","1","1","2","1","5","1","1","2","2",
"05/24/2025 05:06PM","05/24/2025 05:08PM","05/24/2025 05:00PM - 05/24/2025 11:00PM",129.651,"6","1","Finished","682b442235b7c8e896a4b993","0.0","0.0","no","-","10.233.134.28","Participant 30","1","6","1","לא התעצבנתי","No","No","No","No","No","Yes","","2","1","1","2","4","4","1","1","2","3","1","3","1","1","2","1","4","2","5",
"05/26/2025 07:00PM","05/26/2025 07:04PM","05/26/2025 05:00PM - 05/26/2025 11:00PM",244.413,"8","1","Finished","682b442235b7c8e896a4b993","0.0","0.0","no","-","10.26.123.255","Participant 30","6","4","1","שהמורה שלי עצבנה אותי","Yes","No","No","No","No","No","","3","4","2","1","4","4","3","1","2","3","1","1","3","1","4","5","2","1","5",