﻿,,,,,,,,,,,,"Survey","Participant","Question 1","Question 2","Question 3","Question 4","Question 5","{{Q://Q6/ChoiceTextEntryValue}}.1","{{Q://Q6/ChoiceTextEntryValue}}.2","{{Q://Q6/ChoiceTextEntryValue}}.3","{{Q://Q6/ChoiceTextEntryValue}}.4","{{Q://Q6/ChoiceTextEntryValue}}.5","{{Q://Q6/ChoiceTextEntryValue}}.6","{{Q://Q7/ChoiceTextEntryValue}}","Question 8","Question 9","Question 10","Question 11","Question 12","Question 13","Question 14","{{Q://Q15/ChoiceTextEntryValue}}.1","{{Q://Q15/ChoiceTextEntryValue}}.2","Question 16","Question 17","Question 18","Question 19","Question 20","Question 21","Question 22"
,,,,,,,,,,,,,"Question Text","מאז הסקר האחרון, הילד/ה שלי הרגיש/ה עצוב/ה או מדוכא/ת","למיטב ידיעתי - ברגע זה הילד/ה שלי מרגיש/ה טוב","למיטב ידיעתי - ברגע זה, הילד/ה שלי מרגיש/ה מרוגז/ת או כועס/ת","מאז הסקר האחרון, הילד/ה שלי הרגיש/ה מתוסכל/ת","מאז הסקר האחרון, הילד/ה שלי כעס/ה או התעצבן/ה כשדברים לא קרו כמו שהוא/היא רצה/תה","מאז הסקר האחרון, הילד/ה שלי התפרץ/ה בכעס באחת או יותר מהדרכים הבאות","מאז הסקר האחרון, הילד/ה שלי התפרץ/ה בכעס באחת או יותר מהדרכים הבאות","מאז הסקר האחרון, הילד/ה שלי התפרץ/ה בכעס באחת או יותר מהדרכים הבאות","מאז הסקר האחרון, הילד/ה שלי התפרץ/ה בכעס באחת או יותר מהדרכים הבאות","מאז הסקר האחרון, הילד/ה שלי התפרץ/ה בכעס באחת או יותר מהדרכים הבאות","מאז הסקר האחרון, הילד/ה שלי התפרץ/ה בכעס באחת או יותר מהדרכים הבאות"," תן/י דוגמאות למשהו שעצבן את הילד/ה שלך היום (טריגר) (אפשר גם להקליט תשובה)","מאז הסקר האחרון, החמאתי לילד/ה שלי כשהוא/היא עשה/תה משהו בצורה טובה","מאז הסקר האחרון, הילד/ה שלי עצבן/ה אותי","מאז הסקר האחרון, הסכמתי לילד/ה שלי כל מה שרצ/תה","מאז הסקר האחרון, התעצבנתי או צעקתי על הילד/ה שלי","מאז הסקר האחרון, הילד/ה שלי שיתף/ה אותי ברגשות/תחושות שלו/ה ","מאז הסקר האחרון, הייתי סבלני/ת כלפי הילד/ה שלי","מאז הסקר האחרון, העברתי ביקורת על הילד/ה שלי","מאז הסקר האחרון איימתי להעניש את הילד/ה שלי ואז לא עשיתי זאת","מאז הסקר האחרון איימתי להעניש את הילד/ה שלי ואז לא עשיתי זאת","מאז הסקר האחרון, הרגשתי בטוח/ה ביכולותיי ההוריות","מאז הסקר האחרון, יצא שהילד/ה שלי אמר/ה את הדבר הראשון שעלה לו/ה לראש מבלי לעצור ולחשוב","מאז הסקר האחרון, לילד/ה שלי היה קשה להפסיק לעשות משהו כאשר ביקשו ממנו/ה להפסיק ","מאז הסקר האחרון, דעתו/ה של הילד/ה שלי הוסחה בקלות","למיטב ידיעתי - ברגע זה, הילד/ה שלי מרגיש/ה חסר/ת מנוחה","למיטב ידיעתי - ברגע זה, הילד/ה שלי מרגיש/ה פחד או לחץ","מאז הסקר האחרון, הילד/ה שלי הרגיש/ה מודאג/ת או מפוחד/ת"
,,,,,,,,,,,,,"Response Type","Scale","Scale","Scale","Scale","Scale","Multiple selection","Multiple selection","Multiple selection","Multiple selection","Multiple selection","Multiple selection","Text","Scale","Scale","Scale","Scale","Scale","Scale","Scale","Multiple selection","Multiple selection","Scale","Scale","Scale","Scale","Scale","Scale","Scale"
"Start Date","End Date","Time Scheduled","Duration (in seconds)","Day of Survey","Occasion within Day","Finished","Participant ID","Location - Lat","Location - Long","No Login","Group Code","ip address","Choices","[ start_point_label = 'בכלל לא', middle_point_label = 'במידה בינונית', end_point_label = 'במידה רבה מאוד',  ]","[ start_point_label = 'בכלל לא', middle_point_label = 'במידה בינונית', end_point_label = 'במידה רבה מאוד',  ]","[ start_point_label = 'בכלל לא', middle_point_label = 'במידה בינונית', end_point_label = 'במידה רבה מאוד',  ]","[ start_point_label = 'בכלל לא', middle_point_label = 'במידה בינונית', end_point_label = 'במידה רבה מאוד',  ]","[ start_point_label = 'בכלל לא', middle_point_label = 'במידה בינונית', end_point_label = 'במידה רבה מאוד',  ]","[ צעק/ה ]","[ טרק/ה דלת ]","[ זרק/ה משהו ]","[ הרביץ/ה או פגע/ה במישהו ]","[ לא התפרץ/ה בכעס ]","[ אחר (בבקשה לפרט) ]",,"[ start_point_label = 'בכלל לא', middle_point_label = 'במידה בינונית', end_point_label = 'במידה רבה מאוד',  ]","[ start_point_label = 'בכלל לא', middle_point_label = 'במידה בינונית', end_point_label = 'במידה רבה מאוד',  ]","[ start_point_label = 'בכלל לא', middle_point_label = 'במידה בינונית', end_point_label = 'במידה רבה מאוד',  ]","[ start_point_label = 'בכלל לא', middle_point_label = 'במידה בינונית', end_point_label = 'במידה רבה מאוד',  ]","[ start_point_label = 'בכלל לא', middle_point_label = 'במידה בינונית', end_point_label = 'במידה רבה מאוד',  ]","[ start_point_label = 'בכלל לא', middle_point_label = 'במידה בינונית', end_point_label = 'במידה רבה מאוד',  ]","[ start_point_label = 'בכלל לא', middle_point_label = 'במידה בינונית', end_point_label = 'במידה רבה מאוד',  ]","[ כן ]","[ לא ]","[ start_point_label = 'בכלל לא', middle_point_label = 'במידה בינונית', end_point_label = 'במידה רבה מאוד',  ]","[ start_point_label = 'בכלל לא', middle_point_label = 'במידה בינונית', end_point_label = 'במידה רבה מאוד',  ]","[ start_point_label = 'בכלל לא', middle_point_label = 'במידה בינונית', end_point_label = 'במידה רבה מאוד',  ]","[ start_point_label = 'בכלל לא', middle_point_label = 'במידה בינונית', end_point_label = 'במידה רבה מאוד',  ]","[ start_point_label = 'בכלל לא', middle_point_label = 'במידה בינונית', end_point_label = 'במידה רבה מאוד',  ]","[ start_point_label = 'בכלל לא', middle_point_label = 'במידה בינונית', end_point_label = 'במידה רבה מאוד',  ]","[ start_point_label = 'בכלל לא', middle_point_label = 'במידה בינונית', end_point_label = 'במידה רבה מאוד',  ]"
"11/30/2024 08:18AM","11/30/2024 08:25AM","11/30/2024 07:00AM - 11/30/2024 11:00AM",394.78,"2","1","Finished","67484de67c2f821e9bbc3e5d",,,"no","-","192.168.1.161","Participant 5","2","7","1","2","2","No","No","No","No","Yes","","הוא חלם חלום רע הלילה","6","5","3","5","5","5","5","No","Yes","6","6","6","5","3","1","1"
"12/01/2024 07:23AM","12/01/2024 07:24AM","12/01/2024 07:00AM - 12/01/2024 11:00AM",93.039,"3","1","Finished","67484de67c2f821e9bbc3e5d",,,"no","-","192.168.1.161","Participant 5","1","5","1","1","2","No","No","No","No","Yes","","התארגנות איטית של בוקר","2","5","1","5","3","5","1","No","Yes","6","4","3","6","2","1","1"
"12/02/2024 08:44AM","12/02/2024 08:45AM","12/02/2024 07:00AM - 12/02/2024 11:00AM",73.448,"4","1","Finished","67484de67c2f821e9bbc3e5d",,,"no","-","192.168.1.161","Participant 5","1","7","2","1","1","No","No","No","No","Yes","","לא יודעת","2","5","2","4","2","5","1","No","Yes","6","4","3","3","2","1","1"
"12/03/2024 07:40AM","12/03/2024 07:42AM","12/03/2024 07:00AM - 12/03/2024 11:00AM",111.433,"5","1","Finished","67484de67c2f821e9bbc3e5d",,,"no","-","192.168.1.161","Participant 5","1","6","1","1","3","No","No","No","No","Yes","","מרח את הזמן עד שהלך לישון","2","4","2","6","2","4","3","Yes","No","6","4","5","5","2","1","1"
"12/04/2024 07:49AM","12/04/2024 07:50AM","12/04/2024 07:00AM - 12/04/2024 11:00AM",84.461,"6","1","Finished","67484de67c2f821e9bbc3e5d",,,"no","-","10.0.0.13","Participant 5","1","7","1","1","1","No","No","No","No","Yes","","לא עולה לי משהו","2","3","6","2","2","2","2","No","Yes","6","3","3","1","1","1","1"
"12/05/2024 08:06AM","12/05/2024 08:08AM","12/05/2024 07:00AM - 12/05/2024 11:00AM",123.497,"7","1","Finished","67484de67c2f821e9bbc3e5d",,,"no","-","192.168.1.161","Participant 5","1","6","2","2","2","No","No","No","No","Yes","","שהערתי לו כשלקח כסף לבית הספר","3","5","2","5","4","4","2","No","Yes","6","4","3","4","3","2","1"
"12/06/2024 07:51AM","12/06/2024 07:53AM","12/06/2024 07:00AM - 12/06/2024 11:00AM",134.676,"8","1","Finished","67484de67c2f821e9bbc3e5d",,,"no","-","10.84.225.246","Participant 5","2","6","2","2","3","No","No","No","No","Yes","","המורים","2","4","3","3","2","4","3","No","Yes","7","6","5","4","3","1","1"
"12/05/2024 07:38AM","12/05/2024 07:39AM","12/05/2024 07:00AM - 12/05/2024 11:00AM",87.206,"2","1","Finished","67508f86dc3d69e45537faf9",,,"no","-","192.168.1.16","Participant 6","1","7","1","1","1","No","No","No","No","Yes","","שום דבר","5","1","3","1","3","7","1","No","Yes","7","1","1","1","1","1","1"
"12/06/2024 07:49AM","12/06/2024 07:50AM","12/06/2024 07:00AM - 12/06/2024 11:00AM",58.81,"3","1","Finished","67508f86dc3d69e45537faf9",,,"no","-","192.168.1.16","Participant 6","1","7","1","1","1","No","No","No","No","Yes","","שום דבר","5","1","3","1","5","6","1","No","Yes","6","1","1","1","1","1","1"
"12/07/2024 08:19AM","12/07/2024 08:20AM","12/07/2024 07:00AM - 12/07/2024 11:00AM",78.876,"4","1","Finished","67508f86dc3d69e45537faf9",,,"no","-","192.168.1.16","Participant 6","1","5","1","1","1","No","No","No","No","Yes","","שום דבר","5","3","5","3","5","5","3","No","Yes","5","2","1","1","3","1","1"
"12/08/2024 10:25AM","12/08/2024 10:27AM","12/08/2024 07:00AM - 12/08/2024 11:00AM",109.851,"5","1","Finished","67508f86dc3d69e45537faf9",,,"no","-","10.61.191.4","Participant 6","1","5","1","1","1","No","No","No","No","Yes","","שום דבר","5","1","5","1","5","7","1","No","Yes","5","1","1","1","1","1","1"
"12/09/2024 07:08AM","12/09/2024 07:09AM","12/09/2024 07:00AM - 12/09/2024 11:00AM",103.219,"6","1","Finished","67508f86dc3d69e45537faf9",,,"no","-","10.61.150.82","Participant 6","3","5","2","4","4","No","No","No","No","Yes","","התכוננות למבחן","5","4","2","3","3","5","4","No","Yes","4","3","3","1","2","2","1"
"12/10/2024 08:07AM","12/10/2024 08:09AM","12/10/2024 07:00AM - 12/10/2024 11:00AM",118.126,"7","1","Finished","67508f86dc3d69e45537faf9",,,"no","-","10.57.155.127","Participant 6","3","4","3","3","3","No","No","No","No","Yes","","לא חושבת שמשהו עצבן אותו","5","1","3","4","3","3","3","No","Yes","4","2","2","2","2","3","3"
"12/11/2024 07:55AM","12/11/2024 07:57AM","12/11/2024 07:00AM - 12/11/2024 11:00AM",150.58,"8","1","Finished","67508f86dc3d69e45537faf9",,,"no","-","192.168.1.16","Participant 6","3","4","1","1","1","No","No","No","No","Yes","","אין משהו מיוחד, אולי ויכוח עם אחיו","5","1","5","1","5","7","1","No","Yes","5","4","2","1","1","4","3"
"12/18/2024 07:23AM","12/18/2024 07:27AM","12/18/2024 07:00AM - 12/18/2024 11:00AM",265.989,"2","1","Finished","6761a6958b60efe498aced4c","0.0","0.0","no","-","2a0d:6fc2:54a0:4300:5d0e:c311:e905:1854","Participant 7","1","7","1","1","1","No","No","No","No","Yes","","היא לא התעצבנה היום בכלל","7","1","6","1","5","1","1","No","Yes","7","1","1","1","1","1","1"
"12/19/2024 07:33AM","12/19/2024 07:39AM","12/19/2024 07:00AM - 12/19/2024 11:00AM",354.147,"3","1","Finished","6761a6958b60efe498aced4c","0.0","0.0","no","-","2a0d:6fc2:54a0:4300:a889:6e4a:ef22:e432","Participant 7","1","6","3","1","1","No","No","No","No","Yes","","התקשתה לקום בבוקר, עיצבן אותה שצריך לקום","7","1","7","1","7","7","1","No","Yes","7","1","1","1","1","1","1"
"12/20/2024 10:40AM","12/20/2024 10:43AM","12/20/2024 07:00AM - 12/20/2024 11:00AM",154.292,"4","1","Finished","6761a6958b60efe498aced4c","0.0","0.0","no","-","2a0d:6fc2:54a0:4300:2020:6cd3:bf3:bcb2","Participant 7","1","7","1","1","1","No","No","No","No","Yes","","לא התעצבנה מאז הסקר האחרון","7","1","6","1","7","7","1","No","Yes","7","1","1","1","1","1","1"
"12/21/2024 10:43AM","12/21/2024 10:45AM","12/21/2024 07:00AM - 12/21/2024 11:00AM",126.633,"5","1","Finished","6761a6958b60efe498aced4c","0.0","0.0","no","-","192.168.1.108","Participant 7","1","7","1","1","1","No","No","No","No","No","התעצבנה על אח שלה ","אח שלה לקח לה את המטען של הטלפון","7","1","7","1","3","7","1","No","Yes","7","1","1","1","1","1","1"
"12/22/2024 07:09AM","12/22/2024 07:11AM","12/22/2024 07:00AM - 12/22/2024 11:00AM",143.167,"6","1","Finished","6761a6958b60efe498aced4c","0.0","0.0","no","-","192.168.1.108","Participant 7","1","7","1","4","2","No","No","No","No","Yes","","התעצבנה על המשחק באפליקציה, הייתה קצת חסרת סבלנות ","7","1","7","1","5","7","1","No","Yes","7","1","1","2","1","1","1"
"12/23/2024 07:20AM","12/23/2024 07:22AM","12/23/2024 07:00AM - 12/23/2024 11:00AM",85.918,"7","1","Finished","6761a6958b60efe498aced4c","0.0","0.0","no","-","2a0d:6fc2:54a0:4300:7511:7dbd:b8b0:e988","Participant 7","1","7","1","1","1","No","No","No","No","Yes","","לא התעצבנה","5","1","7","1","2","7","1","No","Yes","7","1","1","1","1","1","1"
"12/24/2024 07:18AM","12/24/2024 07:19AM","12/24/2024 07:00AM - 12/24/2024 11:00AM",109.595,"8","1","Finished","6761a6958b60efe498aced4c","0.0","0.0","no","-","2a0d:6fc2:54a0:4300:4c39:f7a:9308:fd8f","Participant 7","1","7","1","1","1","No","No","No","No","Yes","","לא התעצבנה ","5","1","7","1","5","6","1","No","Yes","7","1","1","1","1","3","3"
"12/19/2024 07:09AM","12/19/2024 07:11AM","12/19/2024 07:00AM - 12/19/2024 11:00AM",93.063,"2","1","Finished","674755637c2f821e9bb51e03","0.0","0.0","no","-","192.168.1.214","Participant 8","5","5","3","4","4","No","No","No","No","No","הרים קול על אחותה","אזעקה לפנות בוקר ","5","4","4","4","5","4","5","Yes","No","4","4","5","5","5","4","4"
"12/20/2024 07:29AM","12/20/2024 07:30AM","12/20/2024 07:00AM - 12/20/2024 11:00AM",80.973,"3","1","Finished","674755637c2f821e9bb51e03","0.0","0.0","no","-","192.168.1.214","Participant 8","1","6","3","1","1","No","No","No","No","Yes","","לא היה","5","3","7","2","5","3","5","No","Yes","6","5","4","5","2","1","2"
"12/21/2024 09:13AM","12/21/2024 09:14AM","12/21/2024 07:00AM - 12/21/2024 11:00AM",77.575,"4","1","Finished","674755637c2f821e9bb51e03","0.0","0.0","no","-","2a02:14f:38c:5890:996c:1e67:1762:bf04","Participant 8","4","4","4","3","2","No","No","No","No","Yes","","לא היה","3","5","1","5","3","3","5","No","Yes","3","3","5","5","4","4","2"
"12/22/2024 07:30AM","12/22/2024 07:32AM","12/22/2024 07:00AM - 12/22/2024 11:00AM",73.62,"5","1","Finished","674755637c2f821e9bb51e03","0.0","0.0","no","-","192.168.1.214","Participant 8","2","5","2","1","2","No","No","No","No","Yes","","לא היה אולי לא רצתה לקום לביה״ס אבל לא כעסה ","5","2","5","2","2","5","1","No","Yes","5","2","5","4","2","1","2"
"12/23/2024 08:46AM","12/23/2024 08:48AM","12/23/2024 07:00AM - 12/23/2024 11:00AM",77.155,"6","1","Finished","674755637c2f821e9bb51e03","0.0","0.0","no","-","192.168.1.214","Participant 8","4","4","3","5","5","No","No","No","No","Yes","","דרכו לה על הרגל ושברו לה אותה והיא מתוסכלת וכעוסה על הילדה שלא ביקשה סליחה","5","2","6","2","5","7","2","No","Yes","5","5","5","5","5","3","5"
"12/24/2024 10:51AM","12/24/2024 10:52AM","12/24/2024 07:00AM - 12/24/2024 11:00AM",83.391,"7","1","Finished","674755637c2f821e9bb51e03","0.0","0.0","no","-","192.168.1.214","Participant 8","5","2","3","5","4","No","No","No","No","Yes","","שיעול והשבר שברגל ","4","1","5","2","4","5","2","No","Yes","5","5","5","5","5","3","3"
"12/25/2024 07:02AM","12/25/2024 07:04AM","12/25/2024 07:00AM - 12/25/2024 11:00AM",79.394,"8","1","Finished","674755637c2f821e9bb51e03","0.0","0.0","no","-","2a02:14f:1f2:813d:1069:e4f7:1a1e:b014","Participant 8","2","1","5","5","5","No","No","No","No","Yes","","המסך והחלק האחורי בטלפון נשבר","2","5","4","5","3","2","5","No","Yes","3","5","5","5","5","5","5"
"12/23/2024 07:42AM","12/23/2024 07:44AM","12/23/2024 07:00AM - 12/23/2024 11:00AM",124.709,"2","1","Finished","67682d629e4c11f7e1e4cc54","0.0","0.0","no","-","2a0d:6fc2:4b11:6200:254a:ce0:797a:7fc3","Participant 9","1","6","1","1","1","No","No","No","No","Yes","","אין","1","1","6","1","1","7","1","No","Yes","7","1","1","1","1","1","1"
"12/24/2024 10:24AM","12/24/2024 10:27AM","12/24/2024 07:00AM - 12/24/2024 11:00AM",181.896,"3","1","Finished","67682d629e4c11f7e1e4cc54","0.0","0.0","no","-","2a0d:6fc7:405:5d29:68d8:b684:a123:59a3","Participant 9","1","7","1","3","3","No","No","No","No","Yes","","אין","1","1","1","1","7","7","1","No","Yes","7","1","1","1","1","1","1"
"12/25/2024 07:58AM","12/25/2024 08:01AM","12/25/2024 07:00AM - 12/25/2024 11:00AM",146.508,"4","1","Finished","67682d629e4c11f7e1e4cc54","0.0","0.0","no","-","10.91.65.63","Participant 9","1","7","1","2","1","No","No","No","No","Yes","","אין ","3","3","1","4","2","3","5","Yes","No","5","1","1","1","1","1","1"
"12/26/2024 08:07AM","12/26/2024 08:09AM","12/26/2024 07:00AM - 12/26/2024 11:00AM",114.651,"5","1","Finished","67682d629e4c11f7e1e4cc54","0.0","0.0","no","-","10.91.65.63","Participant 9","1","7","1","1","1","No","No","No","No","Yes","","אין","2","3","7","1","3","7","3","No","Yes","7","1","1","1","1","1","1"
"12/27/2024 09:56AM","12/27/2024 10:01AM","12/27/2024 07:00AM - 12/27/2024 11:00AM",270.097,"6","1","Finished","67682d629e4c11f7e1e4cc54","0.0","0.0","no","-","10.91.65.63","Participant 9","2","3","2","2","2","No","No","No","No","No","קילל","המשחק ","7","1","7","1","7","7","1","No","Yes","7","1","1","1","1","1","1"
"12/28/2024 10:51AM","12/28/2024 10:52AM","12/28/2024 07:00AM - 12/28/2024 11:00AM",96.635,"7","1","Finished","67682d629e4c11f7e1e4cc54","0.0","0.0","no","-","2a0d:6fc2:4b11:6200:5d63:93e6:9516:c02a","Participant 9","7","7","1","1","1","No","No","No","No","Yes","","אין","1","1","1","1","1","7","1","No","Yes","6","1","1","1","1","1","1"
"12/26/2024 07:17AM","12/26/2024 07:20AM","12/26/2024 07:00AM - 12/26/2024 11:00AM",178.974,"2","1","Finished","67632e8217bb529f7001ccfa",,,"no","-","10.100.102.9","Participant 10","1","7","1","1","1","No","No","No","No","Yes","","לא היה משהו שגרם לילד להתעצבן","1","1","1","1","1","6","1","No","Yes","7","2","5","5","1","1","1"
"12/27/2024 09:30AM","12/27/2024 09:32AM","12/27/2024 07:00AM - 12/27/2024 11:00AM",108.666,"3","1","Finished","67632e8217bb529f7001ccfa",,,"no","-","10.100.102.6","Participant 10","1","7","1","1","1","No","No","No","No","Yes","","לא היה משהו כזה","1","1","1","1","1","5","1","No","Yes","7","5","3","3","1","1","1"
"12/28/2024 09:43AM","12/28/2024 09:45AM","12/28/2024 07:00AM - 12/28/2024 11:00AM",122.378,"4","1","Finished","67632e8217bb529f7001ccfa",,,"no","-","10.100.102.6","Participant 10","1","7","1","1","1","No","No","No","No","Yes","","לא היה מקרה כזה","1","1","1","2","2","5","2","No","Yes","7","3","3","3","1","1","1"
"12/29/2024 09:55AM","12/29/2024 09:59AM","12/29/2024 07:00AM - 12/29/2024 11:00AM",229.667,"5","1","Finished","67632e8217bb529f7001ccfa",,,"no","-","10.100.102.6","Participant 10","2","7","1","3","3","No","No","No","No","Yes","","מאז הסקר האחרון שיחקנו בסביבונים. יהונתן רצה להמשיך לשחק אך עצרנו את המשחק ושרנו שירים ורק לאחר מכן המשכנו במשחק. נראה לי שהואניותר התאכזב והתעצב מאשר התעצבן ","1","2","1","2","5","5","2","No","Yes","6","5","5","5","1","1","1"
"12/30/2024 10:13AM","12/30/2024 10:16AM","12/30/2024 07:00AM - 12/30/2024 11:00AM",137.535,"6","1","Finished","67632e8217bb529f7001ccfa",,,"no","-","10.100.102.6","Participant 10","2","7","1","2","1","No","No","No","No","Yes","","היום לא נתקלתי במשהו שעצבן אותו. אתמול בלילה תסכל אותו כשאמרנו לו שהגיע הזמן לישון","3","3","1","3","4","4","4","No","Yes","6","6","5","6","2","1","1"
"12/31/2024 08:18AM","12/31/2024 08:20AM","12/31/2024 07:00AM - 12/31/2024 11:00AM",110.987,"7","1","Finished","67632e8217bb529f7001ccfa",,,"no","-","10.100.102.6","Participant 10","1","7","1","1","1","No","No","No","No","Yes","","לא היה מקרה כזה","2","2","1","1","3","5","2","No","Yes","6","4","3","3","1","1","1"
"01/01/2025 10:16AM","01/01/2025 10:19AM","01/01/2025 07:00AM - 01/01/2025 11:00AM",124.881,"8","1","Finished","67632e8217bb529f7001ccfa",,,"no","-","10.155.250.65","Participant 10","1","7","1","2","1","No","No","No","No","Yes","","לא היה מקרה כזה","5","3","1","2","3","5","4","No","Yes","6","5","5","5","2","1","1"
"01/02/2025 09:51AM","01/02/2025 09:55AM","01/02/2025 07:00AM - 01/02/2025 11:00AM",250.983,"2","1","Finished","67754296c6a0e6121dce8903",,,"no","-","192.168.0.101","Participant 11","2","7","1","1","1","No","No","No","No","Yes","","לא רלוונטי","5","1","5","1","1","7","1","No","Yes","7","2","1","1","1","1","2"
"01/05/2025 07:54AM","01/05/2025 07:56AM","01/05/2025 07:00AM - 01/05/2025 11:00AM",124.72,"5","1","Finished","67754296c6a0e6121dce8903",,,"no","-","100.102.161.19","Participant 11","1","6","1","2","1","No","No","No","No","Yes","","רצתה למלא הבוקר את הסקר לפני שסיימה להתארגן לבית הספר ולא אפשרתי לה","2","1","1","1","1","5","1","No","Yes","5","1","1","1","3","2","2"
"01/02/2025 09:38AM","01/02/2025 09:42AM","01/02/2025 07:00AM - 01/02/2025 11:00AM",240.71,"2","1","Finished","67489ff0cc103e20a98584c7","0.0","0.0","no","-","100.105.48.247","Participant 12","1","4","3","1","2","No","No","No","No","Yes","","לא היה","6","1","6","1","5","6","1","No","Yes","7","1","1","1","3","1","1"
"01/03/2025 10:34AM","01/03/2025 10:39AM","01/03/2025 07:00AM - 01/03/2025 11:00AM",278.069,"3","1","Finished","67489ff0cc103e20a98584c7","0.0","0.0","no","-","100.105.48.247","Participant 12","2","5","1","1","6","Yes","No","No","No","No","","החברים שלו נסעו להרצליה לתערוכת מכוניות אספנות, והוא היה רוצה לנסוע גם, אך לא ביקש רשות שלי כי היה בטוח שלא אסכים | אפליקציה סטופ יט, כשלא הצליח לשחק בצורה מדוייקת","1","1","4","1","4","6","1","No","Yes","5","4","1","1","1","1","2"
"01/04/2025 10:33AM","01/04/2025 10:37AM","01/04/2025 07:00AM - 01/04/2025 11:00AM",200.794,"4","1","Finished","67489ff0cc103e20a98584c7","0.0","0.0","no","-","100.105.48.247","Participant 12","1","6","1","3","3","No","No","No","No","No","קצת הרים קול במהלך המשחק באפליקציה, משהו מאוד רגעי","לא היה","1","1","7","1","1","7","1","No","Yes","6","1","1","1","1","1","1"
"01/05/2025 07:08AM","01/05/2025 07:11AM","01/05/2025 07:00AM - 01/05/2025 11:00AM",185.355,"5","1","Finished","67489ff0cc103e20a98584c7","0.0","0.0","no","-","100.105.48.247","Participant 12","1","7","1","1","1","No","No","No","No","No","היה מתוסכל מהמשחק של סטופ איט - התנדנד בזמן שישב ושיחק, ואומר משפטים כמו ״דיי״","רק אפליקציה","1","1","1","1","1","5","1","No","Yes","6","1","1","1","1","1","1"
"01/06/2025 07:19AM","01/06/2025 07:22AM","01/06/2025 07:00AM - 01/06/2025 11:00AM",142.351,"6","1","Finished","67489ff0cc103e20a98584c7","0.0","0.0","no","-","2a00:a041:3964:3700::6b14","Participant 12","1","6","1","1","1","No","No","No","No","Yes","","לא היה","6","1","7","1","4","6","1","No","Yes","6","1","1","1","1","1","1"
"01/07/2025 07:15AM","01/07/2025 07:17AM","01/07/2025 07:00AM - 01/07/2025 11:00AM",117.574,"7","1","Finished","67489ff0cc103e20a98584c7","0.0","0.0","no","-","192.168.1.197","Participant 12","1","6","1","1","1","No","No","No","No","Yes","","לא היה","1","1","1","1","1","6","1","No","Yes","6","1","1","1","1","1","1"
"01/08/2025 07:05AM","01/08/2025 07:08AM","01/08/2025 07:00AM - 01/08/2025 11:00AM",178.634,"8","1","Finished","67489ff0cc103e20a98584c7","0.0","0.0","no","-","2a00:a041:3964:3700::6b14","Participant 12","1","5","1","1","1","No","No","No","No","Yes","","לא היה","1","2","5","1","3","6","2","No","Yes","6","1","1","1","1","1","2"
"01/07/2025 07:26AM","01/07/2025 07:29AM","01/07/2025 07:00AM - 01/07/2025 11:00AM",184.182,"2","1","Finished","677c148f92b3eb66e2131c3d",,,"no","-","10.100.102.6","Participant 14","3","5","3","3","3","No","No","No","No","Yes","","אחותה שמתלבשת באותו חדר","5","2","4","2","4","5","3","No","Yes","5","2","3","3","1","3","3"
"01/08/2025 07:34AM","01/08/2025 07:36AM","01/08/2025 07:00AM - 01/08/2025 11:00AM",111.993,"3","1","Finished","677c148f92b3eb66e2131c3d",,,"no","-","10.100.102.6","Participant 14","3","5","2","2","4","No","No","No","No","Yes","","להתעורר","6","3","5","3","4","5","3","No","Yes","5","3","5","4","4","3","3"
"01/09/2025 07:13AM","01/09/2025 07:16AM","01/09/2025 07:00AM - 01/09/2025 11:00AM",183.981,"4","1","Finished","677c148f92b3eb66e2131c3d",,,"no","-","10.100.102.6","Participant 14","4","2","5","5","4","No","No","No","No","No","אף אחד מאלה","בחירת בגדים","4","4","5","3","4","4","4","No","Yes","5","4","5","4","5","5","4"
"01/10/2025 07:10AM","01/10/2025 07:11AM","01/10/2025 07:00AM - 01/10/2025 11:00AM",96.643,"5","1","Finished","677c148f92b3eb66e2131c3d",,,"no","-","10.100.102.6","Participant 14","3","5","2","3","4","No","No","No","No","Yes","","ללכת לישון","4","3","4","3","4","5","3","No","Yes","5","2","3","4","3","3","4"
"01/11/2025 09:03AM","01/11/2025 09:05AM","01/11/2025 07:00AM - 01/11/2025 11:00AM",155.071,"6","1","Finished","677c148f92b3eb66e2131c3d",,,"no","-","10.100.102.6","Participant 14","5","2","7","5","5","No","No","No","No","Yes","","אחותה","5","4","5","5","4","5","3","No","Yes","5","4","5","3","5","3","6"
"01/12/2025 07:32AM","01/12/2025 07:33AM","01/12/2025 07:00AM - 01/12/2025 11:00AM",98.73,"7","1","Finished","677c148f92b3eb66e2131c3d",,,"no","-","10.100.102.6","Participant 14","4","4","3","3","3","No","No","No","No","Yes","","להתעורר","4","3","4","2","3","4","2","No","Yes","5","3","5","3","3","4","4"
"01/13/2025 07:43AM","01/13/2025 07:46AM","01/13/2025 07:00AM - 01/13/2025 11:00AM",167.534,"8","1","Finished","677c148f92b3eb66e2131c3d",,,"no","-","10.100.102.6","Participant 14","3","4","4","4","4","No","No","No","No","Yes","","אחותה","4","3","4","3","3","4","3","No","Yes","5","3","5","4","4","4","4"
"01/07/2025 07:17AM","01/07/2025 07:19AM","01/07/2025 07:00AM - 01/07/2025 11:00AM",118.644,"2","1","Finished","677bd90f92b3eb66e2129f0f","0.0","0.0","no","-","fd58:1210:8b06:3d4a:1498:cef3:9a0f:7c08","Participant 15","1","6","1","1","1","No","No","No","No","Yes","","התעורר מאוחר","4","1","1","1","4","5","1","No","Yes","5","2","4","1","1","1","1"
"01/08/2025 07:11AM","01/08/2025 07:14AM","01/08/2025 07:00AM - 01/08/2025 11:00AM",144.622,"3","1","Finished","677bd90f92b3eb66e2129f0f","0.0","0.0","no","-","10.100.102.167","Participant 15","1","5","1","1","1","No","No","No","No","Yes","","להכין לאבא תה באמצע משחק בנייד","6","1","1","1","5","1","2","No","Yes","6","2","2","2","1","1","1"
"01/09/2025 07:22AM","01/09/2025 07:23AM","01/09/2025 07:00AM - 01/09/2025 11:00AM",99.207,"4","1","Finished","677bd90f92b3eb66e2129f0f","0.0","0.0","no","-","10.100.102.167","Participant 15","1","7","1","1","1","No","No","No","No","Yes","","לא צפוי","3","1","1","1","3","7","1","No","Yes","7","1","1","1","1","1","1"
"01/10/2025 07:21AM","01/10/2025 07:23AM","01/10/2025 07:00AM - 01/10/2025 11:00AM",118.932,"5","1","Finished","677bd90f92b3eb66e2129f0f","0.0","0.0","no","-","fd58:1210:8b06:3d4a:1498:cef3:9a0f:7c08","Participant 15","1","5","5","4","3","No","No","No","No","Yes","","רוצה ללבוש מכנס קצר לבית ספר ואני לא מסכימה","6","4","1","4","7","3","5","No","Yes","7","1","1","1","5","1","1"
"01/11/2025 10:36AM","01/11/2025 10:37AM","01/11/2025 07:00AM - 01/11/2025 11:00AM",81.943,"6","1","Finished","677bd90f92b3eb66e2129f0f","0.0","0.0","no","-","10.100.102.167","Participant 15","1","7","1","1","1","No","No","No","No","Yes","","בנתיים כלום","7","1","1","1","3","7","1","No","Yes","7","1","1","1","1","1","1"
"01/12/2025 07:20AM","01/12/2025 07:22AM","01/12/2025 07:00AM - 01/12/2025 11:00AM",89.71,"7","1","Finished","677bd90f92b3eb66e2129f0f","0.0","0.0","no","-","10.100.102.167","Participant 15","1","7","1","1","1","No","No","No","No","Yes","","כלום, רק התעורר","7","1","1","1","3","7","1","No","Yes","7","1","1","1","1","1","1"
"01/13/2025 07:19AM","01/13/2025 07:21AM","01/13/2025 07:00AM - 01/13/2025 11:00AM",103.341,"8","1","Finished","677bd90f92b3eb66e2129f0f","0.0","0.0","no","-","10.100.102.167","Participant 15","1","7","1","2","1","No","No","No","No","Yes","","כלום, רק התעורר","7","3","1","1","7","7","1","No","Yes","7","1","2","1","1","1","1"
"01/13/2025 07:19AM","01/13/2025 07:23AM","01/13/2025 07:00AM - 01/13/2025 11:00AM",212.816,"2","1","Finished","6783ec819132493f1e0a1c65",,,"no","-","192.168.1.192","Participant 16","1","6","1","1","1","No","No","No","No","Yes","","מוקדם מדי, לא קרה...","5","1","2","1","3","7","2","No","Yes","7","2","1","2","1","1","1"
"01/14/2025 07:20AM","01/14/2025 07:23AM","01/14/2025 07:00AM - 01/14/2025 11:00AM",190.933,"3","1","Finished","6783ec819132493f1e0a1c65",,,"no","-","10.22.203.107","Participant 16","2","6","2","2","2","No","No","No","No","Yes","","מוקדם מדי..","5","6","3","6","5","3","3","No","Yes","3","3","7","6","2","2","3"
"01/15/2025 07:16AM","01/15/2025 07:19AM","01/15/2025 07:00AM - 01/15/2025 11:00AM",184.67,"4","1","Finished","6783ec819132493f1e0a1c65",,,"no","-","10.209.52.90","Participant 16","1","6","1","5","5","No","No","No","No","Yes","","להסיע חברה","5","5","5","5","5","3","6","No","Yes","6","6","6","6","2","1","1"
"01/16/2025 07:06AM","01/16/2025 07:08AM","01/16/2025 07:00AM - 01/16/2025 11:00AM",163.077,"5","1","Finished","6783ec819132493f1e0a1c65",,,"no","-","192.168.1.192","Participant 16","2","6","1","2","1","No","No","No","No","Yes","","ללכת לביהס","3","3","3","2","2","5","2","No","Yes","6","6","3","6","3","1","2"
"01/17/2025 09:03AM","01/17/2025 09:05AM","01/17/2025 07:00AM - 01/17/2025 11:00AM",84.572,"6","1","Finished","6783ec819132493f1e0a1c65",,,"no","-","10.200.130.144","Participant 16","2","6","2","2","3","No","No","No","No","Yes","","אין","5","2","2","2","6","6","2","No","Yes","6","5","2","5","1","1","2"
"01/18/2025 10:33AM","01/18/2025 10:35AM","01/18/2025 07:00AM - 01/18/2025 11:00AM",88.386,"7","1","Finished","6783ec819132493f1e0a1c65",,,"no","-","10.200.184.136","Participant 16","2","6","2","2","2","No","No","No","No","Yes","","להתעורר","3","6","2","6","6","3","5","No","Yes","5","6","6","6","2","2","2"
"01/19/2025 07:12AM","01/19/2025 07:15AM","01/19/2025 07:00AM - 01/19/2025 11:00AM",149.945,"8","1","Finished","6783ec819132493f1e0a1c65",,,"no","-","10.200.184.136","Participant 16","2","6","2","5","6","Yes","No","No","No","No","","ללכת לביהס","5","5","3","5","4","5","5","No","Yes","6","5","6","6","2","2","3"
"01/16/2025 07:24AM","01/16/2025 07:31AM","01/16/2025 07:00AM - 01/16/2025 11:00AM",442.915,"2","1","Finished","6787c21313aa347c7f08e221",,,"no","-","192.168.1.218","Participant 17","2","6","2","2","2","No","No","No","No","Yes","","האפליקציה עצבן אותה","4","1","5","1","6","2","1","No","Yes","5","5","1","4","3","2","2"
"01/17/2025 08:13AM","01/17/2025 08:17AM","01/17/2025 07:00AM - 01/17/2025 11:00AM",229.813,"3","1","Finished","6787c21313aa347c7f08e221",,,"no","-","192.168.1.218","Participant 17","1","7","1","1","1","No","No","No","No","Yes","","כלום","4","1","6","1","7","7","1","No","Yes","7","6","2","1","1","1","1"
"01/18/2025 10:38AM","01/18/2025 10:41AM","01/18/2025 07:00AM - 01/18/2025 11:00AM",202.065,"4","1","Finished","6787c21313aa347c7f08e221",,,"no","-","192.168.1.218","Participant 17","2","7","1","2","1","No","No","No","No","Yes","","כלום","7","2","5","2","6","5","5","No","Yes","6","5","6","2","2","2","1"
"01/19/2025 08:13AM","01/19/2025 08:16AM","01/19/2025 07:00AM - 01/19/2025 11:00AM",182.736,"5","1","Finished","6787c21313aa347c7f08e221",,,"no","-","192.168.1.218","Participant 17","2","6","2","2","2","No","No","No","No","Yes","","כלום","5","2","4","2","7","5","5","No","Yes","6","4","2","2","4","2","2"
"01/20/2025 08:11AM","01/20/2025 08:17AM","01/20/2025 07:00AM - 01/20/2025 11:00AM",336.094,"6","1","Finished","6787c21313aa347c7f08e221",,,"no","-","192.168.1.218","Participant 17","2","6","2","2","2","No","No","No","No","Yes","","המשחק","5","5","4","2","7","5","2","No","Yes","6","6","3","2","2","2","2"
"01/21/2025 09:03AM","01/21/2025 09:09AM","01/21/2025 07:00AM - 01/21/2025 11:00AM",404.746,"7","1","Finished","6787c21313aa347c7f08e221",,,"no","-","192.168.1.218","Participant 17","2","5","2","3","2","No","No","No","No","Yes","","חברה שלה","5","2","2","2","2","5","2","No","Yes","5","2","2","2","2","2","2"
"01/22/2025 09:15AM","01/22/2025 09:19AM","01/22/2025 07:00AM - 01/22/2025 11:00AM",200.856,"8","1","Finished","6787c21313aa347c7f08e221",,,"no","-","192.168.1.218","Participant 17","2","6","1","6","4","Yes","No","No","No","No","","אחות שלה","5","5","3","7","7","5","5","No","Yes","6","6","6","4","2","2","2"
"01/20/2025 07:00AM","01/20/2025 07:04AM","01/20/2025 07:00AM - 01/20/2025 11:00AM",210.254,"2","1","Finished","678d1b1e58adab1eb935e4fb",,,"no","-","10.86.11.17","Participant 18","1","6","1","3","5","No","No","No","No","Yes","","ללא עצבנות","7","4","7","4","6","3","6","No","Yes","4","1","5","3","1","1","1"
"01/21/2025 08:23AM","01/21/2025 08:27AM","01/21/2025 07:00AM - 01/21/2025 11:00AM",255.769,"3","1","Finished","678d1b1e58adab1eb935e4fb",,,"no","-","10.86.11.17","Participant 18","1","7","1","1","1","No","No","No","No","Yes","","התעוררה מוקדם","6","1","7","1","6","7","1","No","Yes","7","1","1","1","1","5","3"
"01/23/2025 09:11AM","01/23/2025 09:30AM","01/23/2025 07:00AM - 01/23/2025 11:00AM",1136.437,"5","1","Finished","678d1b1e58adab1eb935e4fb",,,"no","-","192.168.1.19","Participant 18","1","7","2","1","3","No","No","No","No","Yes","","שלא הרגישה טוב","7","1","4","1","7","7","1","No","Yes","7","1","1","1","3","1","1"
"01/24/2025 08:59AM","01/24/2025 09:01AM","01/24/2025 07:00AM - 01/24/2025 11:00AM",159.407,"6","1","Finished","678d1b1e58adab1eb935e4fb",,,"no","-","10.147.41.236","Participant 18","1","7","1","1","1","No","No","No","No","Yes","","אין","7","1","7","1","7","7","1","No","Yes","7","1","1","1","1","1","1"
"01/25/2025 08:22AM","01/25/2025 08:26AM","01/25/2025 07:00AM - 01/25/2025 11:00AM",225.978,"7","1","Finished","678d1b1e58adab1eb935e4fb",,,"no","-","192.168.1.19","Participant 18","1","7","1","1","1","No","No","No","No","Yes","","אין","7","1","7","1","7","7","1","No","Yes","7","1","1","1","1","1","1"
"01/26/2025 09:28AM","01/26/2025 09:29AM","01/26/2025 07:00AM - 01/26/2025 11:00AM",96.11,"8","1","Finished","678d1b1e58adab1eb935e4fb",,,"no","-","192.168.1.19","Participant 18","1","6","1","1","1","No","No","No","No","Yes","","אין","7","1","7","1","7","7","1","No","Yes","7","1","1","1","1","1","1"
"01/21/2025 07:20AM","01/21/2025 07:23AM","01/21/2025 07:00AM - 01/21/2025 11:00AM",206.179,"2","1","Finished","678d358f58adab1eb9371107",,,"no","-","192.168.1.70","Participant 19","1","6","1","1","2","No","No","No","No","Yes","",,"6","2","6","1","7","7","1","No","Yes","6","2","2","1","1","3","2"
"01/22/2025 07:41AM","01/22/2025 07:44AM","01/22/2025 07:00AM - 01/22/2025 11:00AM",148.404,"3","1","Finished","678d358f58adab1eb9371107",,,"no","-","192.168.1.70","Participant 19","1","7","1","1","1","No","No","No","No","Yes","",,"7","1","6","1","7","7","1","No","Yes","7","1","1","1","1","2","2"
"01/23/2025 07:21AM","01/23/2025 07:26AM","01/23/2025 07:00AM - 01/23/2025 11:00AM",280.216,"4","1","Finished","678d358f58adab1eb9371107",,,"no","-","192.168.1.70","Participant 19","3","6","2","5","2","No","No","No","No","Yes","",,"7","1","7","1","2","7","1","No","Yes","7","1","3","1","2","2","3"
"01/24/2025 07:24AM","01/24/2025 07:30AM","01/24/2025 07:00AM - 01/24/2025 11:00AM",391.747,"5","1","Finished","678d358f58adab1eb9371107",,,"no","-","192.168.1.70","Participant 19","3","6","1","2","1","No","No","No","No","Yes","",,"7","1","7","1","7","7","1","No","Yes","7","1","1","1","2","4","6"
"01/25/2025 08:10AM","01/25/2025 08:13AM","01/25/2025 07:00AM - 01/25/2025 11:00AM",177.805,"6","1","Finished","678d358f58adab1eb9371107",,,"no","-","192.168.1.70","Participant 19","1","7","1","1","1","No","No","No","No","Yes","",,"7","1","7","1","6","7","1","No","Yes","7","1","1","1","1","1","1"
"01/26/2025 08:19AM","01/26/2025 08:21AM","01/26/2025 07:00AM - 01/26/2025 11:00AM",126.976,"7","1","Finished","678d358f58adab1eb9371107",,,"no","-","10.121.82.158","Participant 19","1","7","1","1","1","No","No","No","No","Yes","","0","7","1","7","1","7","7","3","No","Yes","7","1","2","1","1","1","1"
"01/27/2025 08:31AM","01/27/2025 08:33AM","01/27/2025 07:00AM - 01/27/2025 11:00AM",129.7,"8","1","Finished","678d358f58adab1eb9371107",,,"no","-","10.153.11.179","Participant 19","1","7","1","1","1","No","No","No","No","Yes","","0
","7","1","7","1","7","7","1","No","Yes","7","1","1","1","1","1","2"
"01/21/2025 10:37AM","01/21/2025 10:40AM","01/21/2025 07:00AM - 01/21/2025 11:00AM",163.804,"2","1","Finished","678d3c0958adab1eb937477e","0.0","0.0","no","-","100.84.21.252","Participant 20","1","5","1","2","4","Yes","No","No","No","No","","בבוקר לא מצא קפוצ׳ון לבן לבית ספר","5","1","4","1","4","4","1","No","Yes","5","3","3","2","1","1","1"
"01/22/2025 10:39AM","01/22/2025 10:42AM","01/22/2025 07:00AM - 01/22/2025 11:00AM",164.294,"3","1","Finished","678d3c0958adab1eb937477e","0.0","0.0","no","-","100.84.46.93","Participant 20","1","5","1","2","2","No","No","No","No","Yes","","אח שלו הפריע לו לישון בבוקר ","5","2","1","2","4","5","2","No","Yes","5","2","1","2","1","1","1"
"01/23/2025 10:36AM","01/23/2025 10:39AM","01/23/2025 07:00AM - 01/23/2025 11:00AM",155.123,"4","1","Finished","678d3c0958adab1eb937477e","0.0","0.0","no","-","100.84.55.69","Participant 20","1","5","2","1","2","No","No","No","No","Yes","","לא התעצבן היום ","6","1","4","1","5","5","2","No","Yes","5","1","1","1","1","1","1"
"01/24/2025 09:49AM","01/24/2025 09:50AM","01/24/2025 07:00AM - 01/24/2025 11:00AM",90.862,"5","1","Finished","678d3c0958adab1eb937477e","0.0","0.0","no","-","100.84.72.26","Participant 20","2","5","1","1","2","No","No","No","No","Yes","","רק התעורר שום דבר לא עצבן אותו","4","2","4","1","3","5","1","No","Yes","5","2","2","2","2","1","2"
"01/25/2025 10:07AM","01/25/2025 10:08AM","01/25/2025 07:00AM - 01/25/2025 11:00AM",75.636,"6","1","Finished","678d3c0958adab1eb937477e","0.0","0.0","no","-","2a05:bb80:34:e591:34ff:28:4f66:f2bf","Participant 20","1","5","2","2","2","No","No","No","No","Yes","","רק התעורר אז טרם התעצבן ","5","1","2","1","3","5","1","No","Yes","5","2","1","2","1","1","1"
"01/26/2025 10:39AM","01/26/2025 10:41AM","01/26/2025 07:00AM - 01/26/2025 11:00AM",122.591,"7","1","Finished","678d3c0958adab1eb937477e","0.0","0.0","no","-","100.84.112.2","Participant 20","2","5","2","2","2","No","No","No","No","Yes","","האוטובוס לבית ספר ","3","1","3","1","3","5","1","No","Yes","5","2","2","2","2","2","2"
"01/27/2025 10:40AM","01/27/2025 10:42AM","01/27/2025 07:00AM - 01/27/2025 11:00AM",93.772,"8","1","Finished","678d3c0958adab1eb937477e","0.0","0.0","no","-","100.84.131.40","Participant 20","4","5","2","2","2","Yes","No","No","No","No","","אח שלו הקטן עצבן אותו ","4","3","2","3","3","4","4","No","Yes","5","2","2","2","2","2","2"
"01/21/2025 07:00AM","01/21/2025 07:03AM","01/21/2025 07:00AM - 01/21/2025 11:00AM",183.561,"2","1","Finished","678cacb058adab1eb9339418",,,"no","-","10.0.0.23","Participant 21","4","6","2","1","5","Yes","No","No","No","No","","רעש בבוקר, נגעו לה בבקבוק","4","4","2","5","2","6","2","No","Yes","4","5","4","2","3","2","2"
"01/22/2025 07:48AM","01/22/2025 07:50AM","01/22/2025 07:00AM - 01/22/2025 11:00AM",127.685,"3","1","Finished","678cacb058adab1eb9339418",,,"no","-","10.0.0.23","Participant 21","2","5","2","2","2","Yes","No","No","No","No","","רעש בבוקר- ניקיון שרותים של החתולה","3","2","2","1","4","6","3","No","Yes","4","1","2","1","2","2","1"
"01/23/2025 07:53AM","01/23/2025 07:55AM","01/23/2025 07:00AM - 01/23/2025 11:00AM",109.106,"4","1","Finished","678cacb058adab1eb9339418",,,"no","-","10.139.91.223","Participant 21","2","6","2","3","1","No","No","No","No","Yes","","לקום בבוקר לבית ספר..","5","2","1","2","1","5","1","No","Yes","4","2","2","1","1","1","1"
"01/24/2025 07:53AM","01/24/2025 07:55AM","01/24/2025 07:00AM - 01/24/2025 11:00AM",97.626,"5","1","Finished","678cacb058adab1eb9339418",,,"no","-","10.0.0.23","Participant 21","1","5","1","2","5","No","Yes","No","No","No","","לא היה כלום","4","1","2","1","1","5","1","No","Yes","4","3","3","1","1","2","1"
"01/25/2025 08:41AM","01/25/2025 08:42AM","01/25/2025 07:00AM - 01/25/2025 11:00AM",100.744,"6","1","Finished","678cacb058adab1eb9339418",,,"no","-","10.0.0.23","Participant 21","2","6","1","2","1","No","No","No","No","Yes","","עדיין לא","6","1","1","1","1","5","2","No","Yes","5","1","1","1","2","1","1"
"01/26/2025 08:03AM","01/26/2025 08:05AM","01/26/2025 07:00AM - 01/26/2025 11:00AM",124.007,"7","1","Finished","678cacb058adab1eb9339418",,,"no","-","10.0.0.23","Participant 21","1","5","1","1","1","No","No","No","No","Yes","","אין","4","2","2","1","3","6","2","No","Yes","6","2","2","2","1","1","1"
"01/27/2025 07:42AM","01/27/2025 07:44AM","01/27/2025 07:00AM - 01/27/2025 11:00AM",110.799,"8","1","Finished","678cacb058adab1eb9339418",,,"no","-","10.0.0.23","Participant 21","2","6","2","1","2","Yes","No","No","No","No","","לקום לבית ספר","5","2","3","2","2","6","1","No","Yes","6","2","3","1","2","1","2"
"01/27/2025 10:13AM","01/27/2025 10:15AM","01/27/2025 07:00AM - 01/27/2025 11:00AM",150.6,"2","1","Finished","67967934fd75d39f735b1f30","0.0","0.0","no","-","2a0d:6fc0:724:3800:d081:c74f:29c:a25b","Participant 22","1","6","2","2","1","No","No","No","No","Yes","","כלום. אתמול עצבן אותה שאמרנו לה לחזור מוקדם מכפי שרצתה ","3","4","1","4","2","4","2","Yes","No","4","4","5","3","2","2","2"
"01/30/2025 10:51AM","01/30/2025 10:53AM","01/30/2025 07:00AM - 01/30/2025 11:00AM",101.841,"5","1","Finished","67967934fd75d39f735b1f30","0.0","0.0","no","-","2a0d:6fc7:200:4a2c:d09a:ceb4:a6fe:d99c","Participant 22","2","5","2","1","1","No","No","No","No","Yes","","לא יודעת אולי בבית ספר ","2","1","5","1","2","5","2","No","Yes","5","5","4","4","2","2","1"
"01/31/2025 10:47AM","01/31/2025 10:49AM","01/31/2025 07:00AM - 01/31/2025 11:00AM",125.891,"6","1","Finished","67967934fd75d39f735b1f30","0.0","0.0","no","-","192.168.1.198","Participant 22","2","2","2","2","2","No","No","No","No","Yes","","לא היה דבר כזה מאתמול","2","2","5","1","4","5","1","No","Yes","4","2","2","2","3","2","2"
"02/01/2025 09:37AM","02/01/2025 09:39AM","02/01/2025 07:00AM - 02/01/2025 11:00AM",148.881,"7","1","Finished","67967934fd75d39f735b1f30","0.0","0.0","no","-","2a0d:6fc0:724:3800:f157:8a87:3ccd:64b1","Participant 22","2","5","2","3","2","No","No","No","No","Yes","","לא שידוע לי ","2","1","5","1","1","5","2","No","Yes","5","3","2","2","2","2","1"
"01/27/2025 07:10AM","01/27/2025 07:15AM","01/27/2025 07:00AM - 01/27/2025 11:00AM",253.341,"2","1","Finished","6795ecfcfd75d39f73599c22","0.0","0.0","no","-","192.168.68.145","Participant 23","3","5","1","3","1","No","No","No","No","Yes","","מה הוא אוכל לצהריים (הוא רגיל לאכול בבית)","4","2","1","1","4","5","2","No","Yes","5","4","2","4","2","1","1"
"01/28/2025 07:18AM","01/28/2025 07:20AM","01/28/2025 07:00AM - 01/28/2025 11:00AM",169.999,"3","1","Finished","6795ecfcfd75d39f73599c22","0.0","0.0","no","-","192.168.68.145","Participant 23","2","5","1","3","3","No","No","No","No","Yes","","הוא צריך לבוא לאכול ארוחת בוקר","4","5","3","2","2","5","4","No","Yes","4","4","5","2","2","1","1"
"01/29/2025 07:49AM","01/29/2025 07:52AM","01/29/2025 07:00AM - 01/29/2025 11:00AM",168.596,"4","1","Finished","6795ecfcfd75d39f73599c22","0.0","0.0","no","-","192.168.68.145","Participant 23","5","5","2","5","5","No","No","No","No","Yes","","לעשות את המשחק אתמול בערב כאשר הוא היה עייף","5","5","2","2","5","5","5","No","Yes","5","5","5","2","2","2","2"
"01/30/2025 07:30AM","01/30/2025 07:33AM","01/30/2025 07:00AM - 01/30/2025 11:00AM",148.227,"5","1","Finished","6795ecfcfd75d39f73599c22","0.0","0.0","no","-","2001:40a8:7fd:510f:dcd:d98b:98e3:b63e","Participant 23","3","5","2","3","3","No","No","No","No","Yes","","מחייבים אותו ללכת לישון","5","2","2","2","4","5","2","No","Yes","5","5","6","2","2","2","2"
"01/31/2025 07:34AM","01/31/2025 07:36AM","01/31/2025 07:00AM - 01/31/2025 11:00AM",123.678,"6","1","Finished","6795ecfcfd75d39f73599c22","0.0","0.0","no","-","192.168.68.145","Participant 23","1","5","2","3","5","Yes","No","No","No","No","","הלך לישון מאוחר","5","2","2","2","6","5","3","No","Yes","5","2","5","2","2","2","3"
"02/01/2025 08:22AM","02/01/2025 08:25AM","02/01/2025 07:00AM - 02/01/2025 11:00AM",177.284,"7","1","Finished","6795ecfcfd75d39f73599c22","0.0","0.0","no","-","192.168.68.145","Participant 23","2","5","2","3","5","No","No","No","No","Yes","","לא הסכמנו לקחת אותי למקום שהוא רצה","5","5","2","5","3","4","5","No","Yes","5","4","5","3","2","2","2"
"02/02/2025 07:12AM","02/02/2025 07:14AM","02/02/2025 07:00AM - 02/02/2025 11:00AM",150.365,"8","1","Finished","6795ecfcfd75d39f73599c22","0.0","0.0","no","-","192.168.68.145","Participant 23","4","5","3","5","4","No","No","No","No","Yes","","הוא צריך ללכת כמעט כל יום למקהלה אז אין זמן להיפגש עם חברים","5","3","2","2","4","4","4","No","Yes","5","3","5","3","3","4","2"
"01/28/2025 07:08AM","01/28/2025 07:13AM","01/28/2025 07:00AM - 01/28/2025 11:00AM",259.634,"2","1","Finished","6797a8a594c0c6f78b5a5fb6",,,"no","-","192.168.1.221","Participant 24","1","7","1","1","1","Yes","No","No","No","No","","שלא עניתי לו מהר","7","1","1","1","7","7","1","No","Yes","7","1","3","1","1","1","1"
"01/29/2025 07:44AM","01/29/2025 07:52AM","01/29/2025 07:00AM - 01/29/2025 11:00AM",459.262,"3","1","Finished","6797a8a594c0c6f78b5a5fb6",,,"no","-","192.168.1.221","Participant 24","1","7","1","1","2","No","No","No","No","Yes","","שהאוכל שלו, לא היה ארוז בזמן שהוא רצה לצאת.","2","1","6","1","5","7","1","No","Yes","7","1","1","1","1","1","1"
"01/30/2025 08:19AM","01/30/2025 08:24AM","01/30/2025 07:00AM - 01/30/2025 11:00AM",324.481,"4","1","Finished","6797a8a594c0c6f78b5a5fb6",,,"no","-","192.168.1.221","Participant 24","1","7","1","2","2","No","No","No","No","Yes","","שהוא אומר משהו ולא מגיבים במהירות שהוא רוצה ( שאנחנו עסוקים במשהו אחר)","7","1","2","1","3","7","2","No","Yes","6","1","1","1","1","1","1"
"01/31/2025 10:46AM","01/31/2025 10:53AM","01/31/2025 07:00AM - 01/31/2025 11:00AM",402.362,"5","1","Finished","6797a8a594c0c6f78b5a5fb6",,,"no","-","10.154.55.175","Participant 24","1","7","1","2","3","No","No","No","No","Yes","","לא הספמק לאןטובוס, אז הסענו אותן לבית הספר.","3","2","6","2","2","5","3","No","Yes","7","1","1","1","1","1","1"
"02/01/2025 09:34AM","02/01/2025 09:38AM","02/01/2025 07:00AM - 02/01/2025 11:00AM",233.021,"6","1","Finished","6797a8a594c0c6f78b5a5fb6",,,"no","-","192.168.1.221","Participant 24","1","7","1","1","1","No","No","No","No","Yes","","לא כעס","3","1","7","1","3","7","1","No","Yes","7","1","1","1","1","1","1"
"02/02/2025 07:50AM","02/02/2025 08:02AM","02/02/2025 07:00AM - 02/02/2025 11:00AM",679.957,"7","1","Finished","6797a8a594c0c6f78b5a5fb6",,,"no","-","10.242.150.109","Participant 24","1","7","1","2","1","No","No","No","No","Yes","","שלא ישן מספיק","5","1","7","6","1","7","1","No","Yes","7","2","1","2","1","1","1"
"02/03/2025 08:30AM","02/03/2025 08:36AM","02/03/2025 07:00AM - 02/03/2025 11:00AM",409.148,"8","1","Finished","6797a8a594c0c6f78b5a5fb6",,,"no","-","192.168.1.221","Participant 24","1","7","1","1","2","No","No","No","No","Yes","","הבוקר טרם נתעצבן","5","3","7","2","5","6","3","No","Yes","6","1","1","2","1","1","1"
"02/06/2025 07:07AM","02/06/2025 07:10AM","02/06/2025 07:00AM - 02/06/2025 11:00AM",193.89,"2","1","Finished","679e52f8c4a32d74c085916e",,,"no","-","10.100.102.32","Participant 25","4","6","1","1","1","No","No","No","No","No","לא התפרצה בכעס","אוטובוס שלא הגיע בזמן","1","7","1","7","1","3","7","Yes","No","7","6","1","4","1","1","1"
"02/07/2025 09:09AM","02/07/2025 09:11AM","02/07/2025 07:00AM - 02/07/2025 11:00AM",138.892,"3","1","Finished","679e52f8c4a32d74c085916e",,,"no","-","10.100.102.32","Participant 25","1","7","1","1","1","No","No","No","No","Yes","","לא היה משהו שעצבן","1","6","1","1","6","6","1","No","Yes","7","1","1","1","1","1","1"
"02/09/2025 08:10AM","02/09/2025 08:19AM","02/09/2025 07:00AM - 02/09/2025 11:00AM",555.212,"5","1","Finished","679e52f8c4a32d74c085916e",,,"no","-","10.105.19.164","Participant 25","1","7","1","1","1","No","No","No","No","Yes","","לא היה","1","1","1","1","1","7","1","No","Yes","7","1","1","1","1","1","1"
"02/10/2025 09:01AM","02/10/2025 09:03AM","02/10/2025 07:00AM - 02/10/2025 11:00AM",113.574,"6","1","Finished","679e52f8c4a32d74c085916e",,,"no","-","192.168.252.246","Participant 25","1","7","1","1","1","No","No","No","No","Yes","","כשביקשתי להתארגן ולצאת בזמן בבוקר","1","7","1","6","1","5","1","No","Yes","7","1","1","1","1","1","1"
"02/11/2025 08:15AM","02/11/2025 08:21AM","02/11/2025 07:00AM - 02/11/2025 11:00AM",370.654,"7","1","Finished","679e52f8c4a32d74c085916e",,,"no","-","10.96.105.105","Participant 25","2","6","1","2","2","No","No","No","No","Yes","","עידן עמדי עזב את פאודה","1","5","1","3","6","4","3","No","Yes","7","2","2","1","2","3","2"
"02/12/2025 07:52AM","02/12/2025 07:55AM","02/12/2025 07:00AM - 02/12/2025 11:00AM",153.259,"8","1","Finished","679e52f8c4a32d74c085916e",,,"no","-","10.100.102.32","Participant 25","1","6","1","1","1","No","No","No","No","Yes","","לא היה","1","2","1","3","6","5","1","No","Yes","7","1","1","1","1","1","1"
"02/06/2025 07:54AM","02/06/2025 07:58AM","02/06/2025 07:00AM - 02/06/2025 11:00AM",223.849,"2","1","Finished","67a3a1c7ba402d566c848630","0.0","0.0","no","-","2001:40a8:73f:5a2a:a53a:6f5a:22a6:549","Participant 26","1","6","1","2","4","Yes","No","No","No","No",""," לקום מהמיטה בבוקר אתמול ללכת לישון ","5","5","1","5","4","6","5","No","Yes","6","2","2","5","1","1","1"
"02/07/2025 08:12AM","02/07/2025 08:14AM","02/07/2025 07:00AM - 02/07/2025 11:00AM",145.013,"3","1","Finished","67a3a1c7ba402d566c848630","0.0","0.0","no","-","2001:40a8:74b:479a:8c96:d77a:c95d:9473","Participant 26","2","6","1","5","5","Yes","No","No","No","No","","סירוב ללכת לישון, טענה שרעבה וצריכה עוד לאכול ","5","5","2","5","5","7","5","Yes","No","6","1","5","5","1","1","1"
"02/09/2025 07:33AM","02/09/2025 07:37AM","02/09/2025 07:00AM - 02/09/2025 11:00AM",263.778,"5","1","Finished","67a3a1c7ba402d566c848630","0.0","0.0","no","-","2001:40a8:741:6215:f48f:f90:72a2:7018","Participant 26","1","6","1","5","5","No","No","No","No","Yes","","לא מצאה את המטריה","5","5","2","5","5","6","5","No","Yes","6","1","5","5","1","1","1"
"02/10/2025 07:35AM","02/10/2025 07:41AM","02/10/2025 07:00AM - 02/10/2025 11:00AM",338.395,"6","1","Finished","67a3a1c7ba402d566c848630","0.0","0.0","no","-","2001:40a8:746:fc7e:19d3:154:1c4:e40a","Participant 26","1","6","2","2","5","Yes","No","No","No","No","","לא מצאה את המטרייה ויורד גשם ","5","2","5","2","6","6","5","No","Yes","7","1","5","5","1","1","1"
"02/11/2025 07:51AM","02/11/2025 08:03AM","02/11/2025 07:00AM - 02/11/2025 11:00AM",694.438,"7","1","Finished","67a3a1c7ba402d566c848630","0.0","0.0","no","-","2001:40a8:74a:4559:b801:457c:194e:a139","Participant 26","1","6","1","1","5","No","No","No","No","Yes","","לא התארגנה בזמן בבוקר","5","5","2","2","5","6","1","No","Yes","7","2","5","2","1","1","1"
"02/10/2025 07:10AM","02/10/2025 07:13AM","02/10/2025 07:00AM - 02/10/2025 11:00AM",181.784,"2","1","Finished","67a8d7ce93e9af3878060a8d",,,"no","-","10.0.0.2","Participant 27","1","7","1","1","1","No","No","No","No","No","רגועה","לא היה ארוע","6","1","7","1","5","7","2","No","Yes","7","1","1","2","2","1","2"
"02/11/2025 07:23AM","02/11/2025 07:25AM","02/11/2025 07:00AM - 02/11/2025 11:00AM",136.072,"3","1","Finished","67a8d7ce93e9af3878060a8d",,,"no","-","10.0.0.1","Participant 27","1","7","1","2","1","No","No","No","No","Yes","","לא כעסה","5","1","7","1","5","7","1","No","Yes","7","1","1","1","1","1","1"
"02/12/2025 07:25AM","02/12/2025 07:27AM","02/12/2025 07:00AM - 02/12/2025 11:00AM",99.949,"4","1","Finished","67a8d7ce93e9af3878060a8d",,,"no","-","10.0.0.1","Participant 27","1","7","1","1","1","No","No","No","No","Yes","","אין","6","1","7","1","5","7","1","No","Yes","7","1","1","1","1","1","1"
"02/13/2025 09:27AM","02/13/2025 09:29AM","02/13/2025 07:00AM - 02/13/2025 11:00AM",135.479,"5","1","Finished","67a8d7ce93e9af3878060a8d",,,"no","-","10.0.0.1","Participant 27","1","7","1","1","1","No","No","No","No","Yes","","אוטובוס ","6","1","7","1","5","7","1","No","Yes","7","1","1","1","1","1","1"
"02/14/2025 08:28AM","02/14/2025 08:30AM","02/14/2025 07:00AM - 02/14/2025 11:00AM",104.683,"6","1","Finished","67a8d7ce93e9af3878060a8d",,,"no","-","10.0.0.1","Participant 27","1","7","1","1","1","No","No","No","No","Yes","","אין","7","1","7","1","5","7","1","No","Yes","7","1","1","1","1","3","1"
"02/15/2025 10:00AM","02/15/2025 10:02AM","02/15/2025 07:00AM - 02/15/2025 11:00AM",112.236,"7","1","Finished","67a8d7ce93e9af3878060a8d",,,"no","-","10.0.0.1","Participant 27","1","7","1","1","1","No","No","No","No","Yes","","אין","7","1","7","1","6","7","1","No","Yes","7","1","1","1","1","1","1"
"02/16/2025 07:23AM","02/16/2025 07:24AM","02/16/2025 07:00AM - 02/16/2025 11:00AM",109.4,"8","1","Finished","67a8d7ce93e9af3878060a8d",,,"no","-","10.0.0.1","Participant 27","1","7","1","1","1","No","No","No","No","Yes","","אין","6","1","7","1","5","7","1","No","Yes","7","1","1","1","1","1","1"
"02/10/2025 07:27AM","02/10/2025 07:29AM","02/10/2025 07:00AM - 02/10/2025 11:00AM",125.805,"2","1","Finished","67a7326893e9af3878fe75ef",,,"no","-","192.168.68.51","Participant 28","1","5","1","1","1","No","No","No","No","Yes","","לא התעצבן ","7","1","7","1","4","7","1","No","Yes","6","1","2","1","1","3","2"
"02/11/2025 07:47AM","02/11/2025 07:49AM","02/11/2025 07:00AM - 02/11/2025 11:00AM",137.023,"3","1","Finished","67a7326893e9af3878fe75ef",,,"no","-","192.168.68.51","Participant 28","2","6","1","7","1","No","No","No","No","Yes","","לא קרה ","7","1","7","1","5","7","1","No","Yes","7","2","1","1","1","1","6"
"02/12/2025 07:32AM","02/12/2025 07:34AM","02/12/2025 07:00AM - 02/12/2025 11:00AM",98.693,"4","1","Finished","67a7326893e9af3878fe75ef",,,"no","-","192.168.68.62","Participant 28","3","7","1","3","3","No","No","No","No","Yes","","לא קרה ","6","2","2","2","6","7","1","No","Yes","7","1","3","1","1","2","1"
"02/13/2025 07:34AM","02/13/2025 07:39AM","02/13/2025 07:00AM - 02/13/2025 11:00AM",274.607,"5","1","Finished","67a7326893e9af3878fe75ef",,,"no","-","192.168.68.62","Participant 28","1","7","1","5","1","Yes","No","No","No","No","","התעצבן על אחיו הגדול ","7","1","7","1","6","7","2","No","Yes","7","3","2","1","1","1","1"
"02/14/2025 07:15AM","02/14/2025 07:17AM","02/14/2025 07:00AM - 02/14/2025 11:00AM",106.683,"6","1","Finished","67a7326893e9af3878fe75ef",,,"no","-","192.168.68.50","Participant 28","1","7","1","1","1","No","No","No","No","Yes","","לא קרה ","7","2","7","2","5","6","1","No","Yes","7","1","2","1","1","1","1"
"02/15/2025 09:34AM","02/15/2025 09:35AM","02/15/2025 07:00AM - 02/15/2025 11:00AM",93.025,"7","1","Finished","67a7326893e9af3878fe75ef",,,"no","-","192.168.68.50","Participant 28","1","7","1","1","1","No","No","No","No","Yes","","לא קרה ","7","2","6","2","7","7","2","No","Yes","7","1","2","1","1","1","1"
"02/16/2025 07:10AM","02/16/2025 07:11AM","02/16/2025 07:00AM - 02/16/2025 11:00AM",105.206,"8","1","Finished","67a7326893e9af3878fe75ef",,,"no","-","192.168.68.50","Participant 28","1","7","1","1","1","No","No","No","No","Yes","","לא קרה ","7","1","7","1","7","7","1","No","Yes","6","1","2","1","1","1","2"
"02/12/2025 07:29AM","02/12/2025 07:31AM","02/12/2025 07:00AM - 02/12/2025 11:00AM",131.071,"2","1","Finished","67aa523f93e9af387811ac09","0.0","0.0","no","-","10.100.102.228","Participant 29","6","5","2","5","2","No","No","No","No","Yes","",,"5","2","1","2","7","3","2","No","Yes","5","1","2","1","3","3","3"
"02/13/2025 07:24AM","02/13/2025 07:26AM","02/13/2025 07:00AM - 02/13/2025 11:00AM",129.196,"3","1","Finished","67aa523f93e9af387811ac09","0.0","0.0","no","-","10.100.102.228","Participant 29","1","5","1","2","1","No","No","No","No","Yes","",,"2","2","3","2","1","5","1","No","Yes","6","1","2","1","1","1","1"
"02/15/2025 10:28AM","02/15/2025 10:31AM","02/15/2025 07:00AM - 02/15/2025 11:00AM",137.773,"5","1","Finished","67aa523f93e9af387811ac09","0.0","0.0","no","-","10.100.102.228","Participant 29","1","5","1","1","1","No","No","No","No","Yes","","היא רק התעוררה לפני 10 דקות","5","1","5","1","4","6","2","No","Yes","6","1","4","1","1","1","2"
"02/16/2025 07:37AM","02/16/2025 07:39AM","02/16/2025 07:00AM - 02/16/2025 11:00AM",98.622,"6","1","Finished","67aa523f93e9af387811ac09","0.0","0.0","no","-","10.100.102.228","Participant 29","2","6","2","2","2","No","No","No","No","Yes","","אין","5","1","6","1","6","6","1","No","Yes","6","1","3","1","2","2","3"
"02/17/2025 07:38AM","02/17/2025 07:40AM","02/17/2025 07:00AM - 02/17/2025 11:00AM",88.373,"7","1","Finished","67aa523f93e9af387811ac09","0.0","0.0","no","-","10.100.102.228","Participant 29","1","4","1","1","1","No","No","No","No","Yes","","אין","6","1","5","1","1","6","1","No","Yes","5","1","3","1","1","1","1"
"02/18/2025 07:43AM","02/18/2025 07:44AM","02/18/2025 07:00AM - 02/18/2025 11:00AM",78.834,"8","1","Finished","67aa523f93e9af387811ac09","0.0","0.0","no","-","10.100.102.228","Participant 29","1","6","1","1","1","No","No","No","No","Yes","","אין","5","1","3","1","2","6","1","No","Yes","6","1","2","1","1","1","1"
"02/13/2025 07:07AM","02/13/2025 07:12AM","02/13/2025 07:00AM - 02/13/2025 11:00AM",304.978,"2","1","Finished","67ac90a78eb0e335f9413a50",,,"no","-","10.28.229.87","Participant 30","1","6","1","1","1","No","No","No","No","Yes","","לא היו","1","1","1","1","3","7","1","No","Yes","6","1","1","2","1","1","1"
"02/14/2025 07:43AM","02/14/2025 07:47AM","02/14/2025 07:00AM - 02/14/2025 11:00AM",292.311,"3","1","Finished","67ac90a78eb0e335f9413a50",,,"no","-","192.168.1.199","Participant 30","1","7","3","3","5","No","No","No","No","Yes","","כתמי זיעה בחולצה על הבוקר","2","2","5","2","3","6","1","No","Yes","5","2","1","1","2","1","1"
"02/15/2025 10:17AM","02/15/2025 10:19AM","02/15/2025 07:00AM - 02/15/2025 11:00AM",134.695,"4","1","Finished","67ac90a78eb0e335f9413a50",,,"no","-","100.125.55.91","Participant 30","1","6","1","1","1","No","No","No","No","Yes","","לא קרה","2","1","1","1","1","7","1","No","Yes","5","1","1","1","1","1","1"
"02/14/2025 07:41AM","02/14/2025 07:45AM","02/14/2025 07:00AM - 02/14/2025 11:00AM",234.538,"2","1","Finished","67ae0aee58056d402b0452bc","0.0","0.0","no","-","192.168.0.126","Participant 31","1","5","1","2","2","No","No","No","No","Yes","","לא התעצבן היום. אבל כן הפריע לו כשלא סיימתי לארגן את הבית כשרצה לצאת איתי לקנות גלידה","4","1","2","2","2","5","2","No","Yes","6","1","2","4","1","1","1"
"02/15/2025 08:33AM","02/15/2025 08:35AM","02/15/2025 07:00AM - 02/15/2025 11:00AM",146.799,"3","1","Finished","67ae0aee58056d402b0452bc","0.0","0.0","no","-","2a02:6680:2009:8a66:7970:6e2c:6198:56d7","Participant 31","2","5","1","1","2","Yes","No","No","No","No","","כשביקשו ממנו ומחבריו לשלם יותר ממה שהיו אמורים בסנוקר","5","1","2","1","5","6","1","No","Yes","7","1","1","1","1","1","1"
"02/16/2025 07:58AM","02/16/2025 08:00AM","02/16/2025 07:00AM - 02/16/2025 11:00AM",129.466,"4","1","Finished","67ae0aee58056d402b0452bc","0.0","0.0","no","-","192.168.0.126","Participant 31","1","4","1","1","1","No","No","No","No","Yes","","לא זכור לי שהתעצבן","5","1","4","2","1","4","4","No","Yes","7","1","3","1","1","1","1"
"02/17/2025 07:33AM","02/17/2025 07:35AM","02/17/2025 07:00AM - 02/17/2025 11:00AM",125.686,"5","1","Finished","67ae0aee58056d402b0452bc","0.0","0.0","no","-","192.168.0.126","Participant 31","1","5","1","2","1","No","No","No","No","Yes","","לא זכור לי שהתעצבן מאז הסקר האחרון","4","1","3","2","3","4","3","No","Yes","5","1","1","1","1","1","1"
"02/18/2025 08:16AM","02/18/2025 08:17AM","02/18/2025 07:00AM - 02/18/2025 11:00AM",90.897,"6","1","Finished","67ae0aee58056d402b0452bc","0.0","0.0","no","-","192.168.0.126","Participant 31","2","4","1","1","1","No","No","No","No","Yes","","לא התעצבן","4","1","3","1","2","5","1","No","Yes","6","1","2","2","2","1","1"
"02/19/2025 07:35AM","02/19/2025 07:37AM","02/19/2025 07:00AM - 02/19/2025 11:00AM",120.642,"7","1","Finished","67ae0aee58056d402b0452bc","0.0","0.0","no","-","192.168.0.126","Participant 31","1","5","1","1","3","No","No","No","No","Yes","","לא התעצבן","4","3","1","3","2","3","5","No","Yes","6","1","2","1","1","1","1"
"02/20/2025 08:52AM","02/20/2025 08:54AM","02/20/2025 07:00AM - 02/20/2025 11:00AM",93.316,"8","1","Finished","67ae0aee58056d402b0452bc","0.0","0.0","no","-","192.168.0.126","Participant 31","1","5","2","2","2","No","No","No","No","Yes","","לא התעצבן","4","1","3","1","3","5","3","No","Yes","6","1","1","3","1","1","1"
"02/14/2025 10:15AM","02/14/2025 10:17AM","02/14/2025 07:00AM - 02/14/2025 11:00AM",124.036,"2","1","Finished","67ae2f2458056d402b063b3a","0.0","0.0","no","-","192.168.68.88","Participant 32","1","6","1","1","1","No","No","No","No","Yes","","שום דבר","7","1","3","1","7","7","1","No","Yes","7","6","1","3","1","1","1"
"02/15/2025 10:32AM","02/15/2025 10:35AM","02/15/2025 07:00AM - 02/15/2025 11:00AM",182.163,"3","1","Finished","67ae2f2458056d402b063b3a","0.0","0.0","no","-","192.168.68.88","Participant 32","3","4","4","4","3","No","No","No","No","Yes","","נזכרה שלא השלימה עבודה לבית הספר ובכתה בגלל שהרגישה לחוצה","7","1","3","1","7","7","2","No","Yes","7","4","1","4","4","5","4"
"02/16/2025 07:23AM","02/16/2025 07:25AM","02/16/2025 07:00AM - 02/16/2025 11:00AM",112.496,"4","1","Finished","67ae2f2458056d402b063b3a","0.0","0.0","no","-","192.168.68.88","Participant 32","3","7","1","2","2","No","No","No","No","Yes","","שום דבר","7","2","2","1","7","7","2","No","Yes","7","2","1","3","1","1","1"
"02/17/2025 07:36AM","02/17/2025 07:38AM","02/17/2025 07:00AM - 02/17/2025 11:00AM",96.115,"5","1","Finished","67ae2f2458056d402b063b3a","0.0","0.0","no","-","192.168.68.89","Participant 32","1","7","1","2","3","No","No","No","No","Yes","","שום דבר","7","1","1","1","7","7","1","No","Yes","7","3","3","2","1","1","1"
"02/18/2025 07:38AM","02/18/2025 07:40AM","02/18/2025 07:00AM - 02/18/2025 11:00AM",162.247,"6","1","Finished","67ae2f2458056d402b063b3a","0.0","0.0","no","-","192.168.68.89","Participant 32","1","7","1","4","3","No","No","No","No","Yes","","לא הצליחה לסיים את המבחן באפליקציה.","7","1","1","1","7","7","3","No","Yes","7","3","1","2","1","1","1"
"02/19/2025 07:39AM","02/19/2025 07:41AM","02/19/2025 07:00AM - 02/19/2025 11:00AM",89.878,"7","1","Finished","67ae2f2458056d402b063b3a","0.0","0.0","no","-","192.168.68.89","Participant 32","1","7","1","1","2","No","No","No","No","Yes","","שום דבר","6","1","2","1","7","7","2","No","Yes","7","3","3","2","1","1","1"
"02/20/2025 08:08AM","02/20/2025 08:09AM","02/20/2025 07:00AM - 02/20/2025 11:00AM",103.186,"8","1","Finished","67ae2f2458056d402b063b3a","0.0","0.0","no","-","192.168.68.89","Participant 32","1","6","1","1","1","No","No","No","No","Yes","","שום דבר","7","1","1","1","6","7","2","No","Yes","7","2","1","1","1","1","1"
"02/21/2025 09:13AM","02/21/2025 09:16AM","02/21/2025 07:00AM - 02/21/2025 11:00AM",147.076,"2","1","Finished","67b4c4939b9b93fbbdf3101f",,,"no","-","10.0.0.6","Participant 33","1","7","1","2","1","No","No","No","No","Yes","","בבוקר כתבה הודעה על שירי ביבס","5","2","2","1","6","6","1","No","Yes","6","4","5","6","1","2","5"
"02/22/2025 10:43AM","02/22/2025 10:46AM","02/22/2025 07:00AM - 02/22/2025 11:00AM",165.458,"3","1","Finished","67b4c4939b9b93fbbdf3101f",,,"no","-","10.0.0.4","Participant 33","2","7","1","1","1","No","No","No","No","Yes","","לא היה","2","1","6","1","7","6","1","No","Yes","7","1","1","1","1","1","1"
"02/25/2025 07:51AM","02/25/2025 12:32PM","02/25/2025 07:00AM - 02/25/2025 11:00AM",16857.705,"6","1","Finished","67b4c4939b9b93fbbdf3101f",,,"no","-",,"Participant 33","1","7",,,,,,,,,,,,"1","5","1",,"7",,"No","Yes",,,,,,,
"02/26/2025 09:03AM","02/26/2025 09:05AM","02/26/2025 07:00AM - 02/26/2025 11:00AM",125.317,"7","1","Finished","67b4c4939b9b93fbbdf3101f",,,"no","-","10.159.64.123","Participant 33","1","6","1","2","5","No","No","No","No","Yes","","אמרתי לה אתמול בערב שאאעזור לה לסדר את החדר ולאחר שהתמהמהה התעייפתי ולא היה לי כח וזה איכזב אותה","6","1","6","1","7","6","2","No","Yes","5","2","2","3","1","1","1"
"02/27/2025 09:01AM","02/27/2025 09:03AM","02/27/2025 07:00AM - 02/27/2025 11:00AM",109.867,"8","1","Finished","67b4c4939b9b93fbbdf3101f",,,"no","-","10.0.0.6","Participant 33","1","6","1","2","2","No","No","No","No","Yes","",". ","6","1","5","1","6","1","2","No","Yes","6","3","4","2","1","1","2"
"03/04/2025 07:56AM","03/04/2025 07:59AM","03/04/2025 07:00AM - 03/04/2025 11:00AM",156.852,"2","1","Finished","67c5937846dea88167da753e",,,"no","-","10.200.8.88","Participant 34","1","1","1","2","1","No","No","No","No","Yes","","לא התעצבן","2","4","4","1","4","4","4","No","Yes","6","6","5","1","1","1","1"
"03/05/2025 07:51AM","03/05/2025 07:55AM","03/05/2025 07:00AM - 03/05/2025 11:00AM",205.766,"3","1","Finished","67c5937846dea88167da753e",,,"no","-","10.0.0.13","Participant 34","1","7","2","1","1","No","No","No","No","Yes","","להתעורר בבוקר","7","2","7","1","3","3","1","No","Yes","7","4","1","3","2","1","1"
"03/06/2025 07:52AM","03/06/2025 07:54AM","03/06/2025 07:00AM - 03/06/2025 11:00AM",137.354,"4","1","Finished","67c5937846dea88167da753e",,,"no","-","10.0.0.14","Participant 34","1","6","2","1","1","No","No","No","No","Yes","","לקום בבוקר","2","1","6","1","4","4","4","No","Yes","6","1","5","4","1","1","1"
"03/07/2025 10:35AM","03/07/2025 10:37AM","03/07/2025 07:00AM - 03/07/2025 11:00AM",126.166,"5","1","Finished","67c5937846dea88167da753e",,,"no","-","100.101.162.39","Participant 34","7","2","3","6","3","No","No","No","No","Yes","","עצוב לו","4","1","7","2","7","5","4","No","Yes","5","5","3","5","7","6","6"
"03/08/2025 10:29AM","03/08/2025 10:33AM","03/08/2025 07:00AM - 03/08/2025 11:00AM",225.751,"6","1","Finished","67c5937846dea88167da753e",,,"no","-","10.0.0.14","Participant 34","2","6","2","2","2","No","No","No","No","Yes","","לא עצהן אותו","7","3","6","2","6","6","4","No","Yes","6","5","4","5","2","2","2"
"03/09/2025 08:03AM","03/09/2025 08:05AM","03/09/2025 07:00AM - 03/09/2025 11:00AM",117.957,"7","1","Finished","67c5937846dea88167da753e",,,"no","-","10.0.0.14","Participant 34","2","7","2","4","4","Yes","No","No","No","No","","הפסיד אתמול במשחק","3","2","6","2","4","3","3","No","Yes","6","4","4","3","2","2","2"
"03/10/2025 07:54AM","03/10/2025 07:57AM","03/10/2025 07:00AM - 03/10/2025 11:00AM",184.546,"8","1","Finished","67c5937846dea88167da753e",,,"no","-","10.0.0.14","Participant 34","2","6","2","2","2","No","No","No","No","Yes","","כריך שלא אהב","7","3","2","2","5","4","4","No","Yes","5","4","4","4","2","2","2"
"03/05/2025 07:12AM","03/05/2025 07:14AM","03/05/2025 07:00AM - 03/05/2025 11:00AM",125.401,"2","1","Finished","67c6e89946dea88167ea3ede","0.0","0.0","no","-","2a06:c701:486c:a200:e9ba:5b9:37a7:d2f7","Participant 35","1","4","1","1","1","No","No","No","No","Yes","","להביא לביה״ס משהו של אחיה ","1","1","1","1","5","4","1","No","Yes","7","4","1","1","1","1","1"
"03/06/2025 07:18AM","03/06/2025 07:20AM","03/06/2025 07:00AM - 03/06/2025 11:00AM",131.834,"3","1","Finished","67c6e89946dea88167ea3ede","0.0","0.0","no","-","2a06:c701:486c:a200:20d9:a347:3586:d8b3","Participant 35","1","4","1","3","1","No","No","No","No","Yes","","לקום מוקדם","1","1","1","1","4","4","1","No","Yes","5","7","1","1","1","1","1"
"03/07/2025 09:05AM","03/07/2025 09:07AM","03/07/2025 07:00AM - 03/07/2025 11:00AM",120.64,"4","1","Finished","67c6e89946dea88167ea3ede","0.0","0.0","no","-","10.0.0.47","Participant 35","1","5","1","1","1","No","No","No","No","Yes","","אין","7","1","7","1","7","7","1","No","Yes","7","1","1","1","1","1","1"
"03/09/2025 09:00AM","03/09/2025 09:02AM","03/09/2025 07:00AM - 03/09/2025 11:00AM",85.208,"6","1","Finished","67c6e89946dea88167ea3ede","0.0","0.0","no","-","10.0.0.23","Participant 35","4","7","1","1","1","No","No","No","No","Yes","","אולי בין האחים ","1","1","2","1","2","6","1","No","Yes","7","6","1","1","1","1","1"
"03/10/2025 07:14AM","03/10/2025 07:16AM","03/10/2025 07:00AM - 03/10/2025 11:00AM",87.297,"7","1","Finished","67c6e89946dea88167ea3ede","0.0","0.0","no","-","10.0.0.23","Participant 35","1","4","1","1","1","No","No","No","No","Yes","","אין","6","1","1","1","1","6","1","No","Yes","7","2","1","1","1","4","5"
"03/11/2025 07:14AM","03/11/2025 07:15AM","03/11/2025 07:00AM - 03/11/2025 11:00AM",63.913,"8","1","Finished","67c6e89946dea88167ea3ede","0.0","0.0","no","-","10.0.0.17","Participant 35","2","5","1","2","1","No","No","No","No","Yes","","לא היה אויי אחיה","5","1","1","1","7","5","1","No","Yes","7","4","1","1","2","1","1"
"03/06/2025 07:01AM","03/06/2025 07:06AM","03/06/2025 07:00AM - 03/06/2025 11:00AM",313.989,"2","1","Finished","67c85da046dea88167fb04fe",,,"no","-","192.168.68.102","Participant 36","2","6","1","5","2","No","No","No","No","Yes","","עדיין אין","4","2","5","1","4","6","3","No","Yes","5","4","5","4","1","1","2"
"03/07/2025 09:30AM","03/07/2025 09:37AM","03/07/2025 07:00AM - 03/07/2025 11:00AM",402.516,"3","1","Finished","67c85da046dea88167fb04fe",,,"no","-","192.168.68.102","Participant 36","1","4","2","2","2","No","No","No","No","Yes","","חיכוכים סביב זמן מסך","3","2","2","3","3","5","3","No","Yes","5","2","4","2","2","4","4"
"03/08/2025 10:15AM","03/08/2025 10:20AM","03/08/2025 07:00AM - 03/08/2025 11:00AM",255.136,"4","1","Finished","67c85da046dea88167fb04fe",,,"no","-","192.168.68.104","Participant 36","5","6","1","7","7","Yes","Yes","No","No","No","","ריב עם אחותו מי נכנס ראשון לשירותים כשסימנו לראות סרט","4","7","2","7","3","3","6","No","Yes","3","6","6","3","2","1","2"
"03/09/2025 08:06AM","03/09/2025 08:10AM","03/09/2025 07:00AM - 03/09/2025 11:00AM",252.049,"5","1","Finished","67c85da046dea88167fb04fe",,,"no","-","10.100.102.22","Participant 36","2","6","1","3","3","No","No","No","No","Yes","","אין משהו ספציפי","4","3","4","2","3","4","4","No","Yes","5","5","4","6","1","1","2"
"03/10/2025 07:36AM","03/10/2025 07:40AM","03/10/2025 07:00AM - 03/10/2025 11:00AM",204.755,"6","1","Finished","67c85da046dea88167fb04fe",,,"no","-","10.100.102.22","Participant 36","1","3","2","1","2","No","No","No","No","Yes","","להתעורר בבוקר לביה""ס...","5","3","3","3","5","5","4","Yes","No","5","3","5","5","2","2","1"
"03/11/2025 08:11AM","03/11/2025 08:15AM","03/11/2025 07:00AM - 03/11/2025 11:00AM",199.619,"7","1","Finished","67c85da046dea88167fb04fe",,,"no","-","192.168.68.107","Participant 36","3","6","1","5","5","No","No","No","No","No","רטן לעצמו בכל רם, כלומר התעצבן בצורה קולנית אבל כשהוא היה לבד בחדר והיה אפשר לשמוע את זה רק מבחוץ","הוא לא יכל להתקלח במקלחת המועדפת עליו אז היה צריך להתקלח במקלחת הפחות מועדפת עליו","5","2","1","3","5","5","3","No","Yes","5","4","2","3","2","1","1"
"03/12/2025 08:03AM","03/12/2025 08:05AM","03/12/2025 07:00AM - 03/12/2025 11:00AM",147.259,"8","1","Finished","67c85da046dea88167fb04fe",,,"no","-","192.168.68.107","Participant 36","1","5","2","3","2","No","No","No","No","Yes","","אין","5","2","3","2","1","6","2","No","Yes","5","4","4","5","4","2","1"
"03/07/2025 07:23AM","03/07/2025 07:28AM","03/07/2025 07:00AM - 03/07/2025 11:00AM",269.49,"2","1","Finished","67c98a8546dea88167052dd1","0.0","0.0","no","-","2a06:c701:9cf6:2700:e1b3:97de:c3a4:7204","Participant 37","4","3","1","3","2","No","No","No","No","Yes","","הכרתי אותו בבוקר, והוא רצה להמשיך לישון","4","5","2","1","5","5","5","No","Yes","5","1","4","1","2","5","5"
"03/08/2025 10:12AM","03/08/2025 10:17AM","03/08/2025 07:00AM - 03/08/2025 11:00AM",253.853,"3","1","Finished","67c98a8546dea88167052dd1","0.0","0.0","no","-","10.0.0.2","Participant 37","3","6","4","4","1","Yes","No","No","No","No","","שינוי שעה של הרגע האחרון בחדר כושר","1","5","5","1","1","5","1","No","Yes","3","4","4","1","1","3","3"
"03/09/2025 07:35AM","03/09/2025 07:37AM","03/09/2025 07:00AM - 03/09/2025 11:00AM",145.959,"4","1","Finished","67c98a8546dea88167052dd1","0.0","0.0","no","-","2a06:c701:9cf6:2700:61b2:db48:e4ed:9591","Participant 37","4","5","2","5","5","Yes","No","No","No","No","","כבל מסך שלא התאים למחשב שלו","1","4","1","2","1","5","1","No","Yes","5","4","6","3","2","1","4"
"03/10/2025 07:30AM","03/10/2025 07:32AM","03/10/2025 07:00AM - 03/10/2025 11:00AM",140.851,"5","1","Finished","67c98a8546dea88167052dd1","0.0","0.0","no","-","2001:40a8:7e0:e495:3570:f839:8be3:46ad","Participant 37","1","6","1","5","1","Yes","No","No","No","No","","קשה לקום בבוקר","1","1","1","1","4","5","1","Yes","No","5","1","1","4","2","1","1"
"03/11/2025 07:18AM","03/11/2025 07:20AM","03/11/2025 07:00AM - 03/11/2025 11:00AM",126.195,"6","1","Finished","67c98a8546dea88167052dd1","0.0","0.0","no","-","2a06:c701:9cf6:2700:f5de:3b14:cf3c:3f32","Participant 37","1","6","2","2","2","Yes","No","No","No","No","","לא שמעתי מה הוא אמר","1","1","1","1","3","5","1","No","Yes","7","1","1","1","2","1","1"
"03/13/2025 07:30AM","03/13/2025 07:32AM","03/13/2025 07:00AM - 03/13/2025 11:00AM",110.134,"8","1","Finished","67c98a8546dea88167052dd1","0.0","0.0","no","-","2001:40a8:7fb:6ecc:e5e5:9ea:e21c:da62","Participant 37","4","2","2","4","1","No","No","No","No","Yes","","כאב ראש","6","1","1","1","5","5","1","No","Yes","5","1","1","2","2","4","5"
"03/12/2025 08:38AM","03/12/2025 08:43AM","03/12/2025 07:00AM - 03/12/2025 11:00AM",304.792,"2","1","Finished","67d0609346dea881674ad2a7",,,"no","-","10.98.227.222","Participant 38","5","6","4","7","6","Yes","No","No","No","No","ניסה להסביר בתקיפות את דעתו והפסיק לענות","הוא ביקש לקחת את האוטו לצופים ואנחנו התנגדנו כי מדובר במרחק הליכה","1","1","1","1","5","6","1","No","Yes","6","4","3","1","1","2","2"
"03/13/2025 08:43AM","03/13/2025 08:45AM","03/13/2025 07:00AM - 03/13/2025 11:00AM",112.544,"3","1","Finished","67d0609346dea881674ad2a7",,,"no","-","172.20.63.22","Participant 38","1","7","1","1","1","No","No","No","No","Yes","","אין דוגמא","1","1","1","1","1","7","1","No","Yes","7","1","1","1","1","1","1"
"03/14/2025 10:51AM","03/14/2025 10:53AM","03/14/2025 07:00AM - 03/14/2025 11:00AM",104.939,"4","1","Finished","67d0609346dea881674ad2a7",,,"no","-","192.168.0.25","Participant 38","1","7","1","2","2","No","No","No","No","No","רטן","שלא נתתי לו את האוטו","1","2","1","1","1","7","3","No","Yes","7","1","1","1","1","1","1"
"03/15/2025 10:19AM","03/15/2025 10:21AM","03/15/2025 07:00AM - 03/15/2025 11:00AM",119.729,"5","1","Finished","67d0609346dea881674ad2a7",,,"no","-","192.168.0.25","Participant 38","1","7","1","1","1","No","No","No","No","Yes","","אין","4","1","4","1","1","7","1","No","Yes","7","1","1","1","1","1","1"
"03/16/2025 08:21AM","03/16/2025 08:26AM","03/16/2025 07:00AM - 03/16/2025 11:00AM",264.578,"6","1","Finished","67d0609346dea881674ad2a7",,,"no","-","192.168.0.25","Participant 38","1","7","1","1","1","No","No","No","No","Yes","","אין","5","1","3","1","3","7","1","No","Yes","7","1","1","1","1","1","1"
"03/17/2025 09:01AM","03/17/2025 09:03AM","03/17/2025 07:00AM - 03/17/2025 11:00AM",110.1,"7","1","Finished","67d0609346dea881674ad2a7",,,"no","-","172.20.9.224","Participant 38","1","6","2","2","1","No","No","No","No","Yes","","אין","2","1","1","1","1","7","1","No","Yes","7","1","1","1","1","1","1"
"03/18/2025 09:23AM","03/18/2025 09:25AM","03/18/2025 07:00AM - 03/18/2025 11:00AM",87.845,"8","1","Finished","67d0609346dea881674ad2a7",,,"no","-","172.20.11.83","Participant 38","1","7","1","1","1","No","No","No","No","Yes","","אין","1","1","5","1","1","6","1","No","Yes","6","1","1","1","1","2","1"
"03/14/2025 07:19AM","03/14/2025 07:23AM","03/14/2025 07:00AM - 03/14/2025 11:00AM",248.399,"2","1","Finished","67d1a711c1ae9946c56663fa","0.0","0.0","no","-","192.168.1.131","Participant 39","1","7","1","2","1","No","No","No","No","Yes","","סירקתי אותה אחרי המקלחת וזה כאב לה","5","2","5","2","4","5","2","No","Yes","5","3","3","3","1","2","1"
"03/15/2025 08:16AM","03/15/2025 08:20AM","03/15/2025 07:00AM - 03/15/2025 11:00AM",255.889,"3","1","Finished","67d1a711c1ae9946c56663fa","0.0","0.0","no","-","2a00:a041:3b64:1d00::100c","Participant 39","1","7","1","5","3","Yes","No","No","No","No","","כשביקשתי ממנה שתישן עם פיג׳מה ולא עם בגדים","3","4","3","4","2","5","3","No","Yes","4","4","3","2","1","1","1"
"03/16/2025 07:23AM","03/16/2025 07:26AM","03/16/2025 07:00AM - 03/16/2025 11:00AM",208.129,"4","1","Finished","67d1a711c1ae9946c56663fa","0.0","0.0","no","-","192.168.1.102","Participant 39","1","5","1","3","2","No","No","No","No","Yes","","ביקשתי שתפסיק להיות במסך","3","3","5","2","3","4","2","No","Yes","5","1","3","4","1","1","1"
"03/17/2025 07:14AM","03/17/2025 07:17AM","03/17/2025 07:00AM - 03/17/2025 11:00AM",170.561,"5","1","Finished","67d1a711c1ae9946c56663fa","0.0","0.0","no","-","192.168.1.102","Participant 39","2","4","6","4","4","Yes","No","No","No","No","","היא ביקשה שאסרק אותה ואני הלכתי לארגן בבוקר את אחותה ","4","3","4","2","4","4","2","No","Yes","3","5","2","1","4","2","1"
"03/18/2025 07:26AM","03/18/2025 07:29AM","03/18/2025 07:00AM - 03/18/2025 11:00AM",176.553,"6","1","Finished","67d1a711c1ae9946c56663fa","0.0","0.0","no","-","192.168.1.102","Participant 39","1","7","1","2","2","Yes","No","No","No","No","","כשביקשתי כמה פעמים עזרה עם אחותה בבוקר ","3","2","5","1","3","5","1","No","Yes","5","2","2","1","2","1","1"
"03/19/2025 07:09AM","03/19/2025 07:11AM","03/19/2025 07:00AM - 03/19/2025 11:00AM",142.7,"7","1","Finished","67d1a711c1ae9946c56663fa","0.0","0.0","no","-","192.168.1.131","Participant 39","1","7","1","1","1","No","No","No","No","Yes","","אתי היא לא התעצבנה אבל אתמול לא הייתי בבית","3","1","7","1","4","5","1","No","Yes","4","1","1","2","1","1","1"
"03/20/2025 07:10AM","03/20/2025 07:13AM","03/20/2025 07:00AM - 03/20/2025 11:00AM",146.387,"8","1","Finished","67d1a711c1ae9946c56663fa","0.0","0.0","no","-","192.168.1.131","Participant 39","1","7","2","3","1","No","No","No","No","Yes","","האפליקציה איטית","3","1","3","1","3","7","1","No","Yes","5","1","1","1","2","2","1"
"03/18/2025 07:12AM","03/18/2025 07:15AM","03/18/2025 07:00AM - 03/18/2025 11:00AM",187.72,"2","1","Finished","67d84843c1ae9946c5b9059a",,,"no","-","10.100.102.196","Participant 40","1","6","2","2","2","No","No","No","No","Yes","","שחיבקתי את הבת הקטנה ולא אותה","3","1","4","1","5","6","2","No","Yes","5","2","1","4","3","1","1"
"03/19/2025 07:10AM","03/19/2025 07:13AM","03/19/2025 07:00AM - 03/19/2025 11:00AM",179.458,"3","1","Finished","67d84843c1ae9946c5b9059a",,,"no","-","10.100.102.196","Participant 40","1","6","2","5","5","No","No","No","No","Yes","","שביקשתי שתסגור בלילה את הטאבלט והיא רצתה להמשיך לצפות","5","6","2","5","6","5","5","No","Yes","3","5","6","6","2","1","1"
"03/20/2025 07:07AM","03/20/2025 07:09AM","03/20/2025 07:00AM - 03/20/2025 11:00AM",168.402,"4","1","Finished","67d84843c1ae9946c5b9059a",,,"no","-","10.100.102.196","Participant 40","3","4","5","3","5","Yes","No","No","No","No","","לא רצתה לקום לבית ספר היתה עייפה-התעוררה בלילה בגלל האזעקה. בסוף קמה","5","5","2","5","5","5","3","No","Yes","3","5","5","5","3","2","2"